student_id,plec,kierunek,rok,stopien,tryb,osobowosc_pyt1,osobowosc_pyt2,osobowosc_pyt3,osobowosc_pyt4,osobowosc_pyt5,osobowosc_pyt6,osobowosc,,,,,,,,,,
1,1,5,5,1,2,2,2,3,2,2,2,2,,,,,,,,,,
2,2,7,1,1,1,2,2,4,4,1,2,2,,plec,gender,count,,,,,,
3,1,2,1,1,1,3,4,2,1,2,3,2,,1,male,512,,,,,,
4,1,12,2,1,1,3,4,3,4,3,4,4,,2,female,348,,,,,,
5,2,3,1,1,1,3,4,3,3,1,4,3,,,,,,,,,,
6,2,12,2,1,1,2,1,1,2,1,2,1,,,,,,,,,,
7,2,12,2,1,1,3,1,3,2,4,1,3,,,,,,,,,,
8,2,12,2,1,1,3,1,1,2,4,1,1,,,,,,,,,,
9,1,7,1,1,1,3,4,3,3,3,3,3,,,,,,,,,,
10,1,9,1,1,1,2,4,3,4,1,2,3,,,,,,,,,,
11,2,10,2,1,1,3,1,3,4,3,3,3,,,,,,,,,,
12,2,4,1,3,1,1,1,2,1,1,3,1,,,,,,,,,,
13,2,7,3,1,1,3,4,4,3,4,4,4,,,,,,,,,,
14,2,7,1,1,2,3,2,3,3,3,3,3,,,,,,,,,,
15,1,7,1,3,1,3,4,4,4,3,1,4,,,,,,,,,,
16,1,7,2,2,1,2,4,3,2,2,2,2,,,,,,,,,,
17,2,4,2,1,1,1,1,1,3,3,1,1,,,,,,,,,,
18,1,4,2,1,1,1,4,2,1,1,4,1,,,,,,,,,,
19,2,4,2,1,1,2,4,4,4,4,2,4,,Osobowosc by plec,,,,,,,,
20,2,4,2,1,1,2,1,2,2,1,4,2,,personality,male,female,,,,,,
21,1,4,2,1,1,4,4,4,4,4,1,4,,melancholic,95,102,,,,,,
22,2,4,2,1,1,2,1,4,4,4,3,4,,phlegmatic,257,132,,,,,,
23,1,4,2,3,2,2,3,4,2,4,2,2,,choleric,73,46,,,,,,
24,1,1,3,2,1,1,1,2,2,2,2,2,,sanguine,87,68,,,,,,
25,2,4,2,1,1,3,1,1,4,1,2,1,,,,,,,,,,
26,1,4,2,3,1,3,1,3,2,3,2,3,,,,,,,,,,
27,2,3,4,2,1,3,1,4,2,2,3,4,,,,,,,,,,
28,2,3,4,2,1,2,2,2,1,2,2,2,,,,,,,,,,
29,2,3,4,2,1,2,2,1,2,4,1,2,,,,,,,,,,
30,2,4,2,1,1,2,1,1,3,1,3,1,,,,,,,,,,
31,2,3,3,2,1,3,4,2,3,4,3,3,,,,,,,,,,
32,2,6,4,3,1,1,4,1,2,1,1,1,,,,,,,,,,
33,2,11,1,2,1,3,1,3,4,3,2,3,,,,,,,,,,
34,2,11,1,2,1,3,1,3,2,1,1,1,,,,,,,,,,
35,2,11,1,2,1,4,1,4,4,1,3,4,,,,,,,,,,
36,2,11,1,2,1,4,1,4,4,4,1,4,,,,,,,,,,
37,2,11,1,2,1,3,1,1,2,2,4,1,,,,,,,,,,
38,2,11,1,2,1,3,4,4,1,4,2,4,,Kierunek by plec,,,,,,,,
39,2,11,1,2,1,3,1,2,4,3,4,2,,field of study,male,female,,,,,,
40,2,11,1,2,1,4,4,1,2,2,1,1,,IT,247,49,,,,,,
41,2,11,1,2,1,2,1,2,1,4,1,1,,Economy,7,24,,,,,,
42,2,11,1,2,1,2,4,1,1,1,3,1,,Managment,20,39,,,,,,
43,1,4,2,1,1,3,3,3,3,3,2,3,,Psychology,5,9,,,,,,
44,2,1,3,2,1,2,1,2,4,2,1,2,,Mechatronics,106,18,,,,,,
45,1,1,3,2,1,2,2,2,2,2,2,2,,Medicine,1,3,,,,,,
46,1,1,3,2,1,3,3,1,2,4,1,1,,Construction,27,30,,,,,,
47,2,1,3,2,1,2,1,2,4,2,2,2,,Logistics,27,20,,,,,,
48,1,1,4,2,1,3,4,1,2,1,2,1,,Architecture,4,28,,,,,,
49,1,1,3,2,1,2,2,2,3,4,4,2,,Biochemistry,9,64,,,,,,
50,2,1,3,2,1,1,2,2,2,3,2,2,,Human health or environment,26,46,,,,,,
51,1,1,3,2,1,2,2,1,3,1,3,1,,Other,33,18,,,,,,
52,1,1,5,2,1,1,1,2,1,1,4,1,,,,,,,,,,
53,1,1,3,2,1,2,1,2,2,1,1,1,,,,,,,,,,
54,1,1,3,2,1,2,4,2,3,1,3,2,,,,,,,,,,
55,1,1,3,2,1,4,2,4,4,4,4,4,,,,,,,,,,
56,1,1,3,2,1,3,1,1,1,1,3,1,,,,,,,,,,
57,1,1,3,2,1,3,3,2,2,3,2,3,,,,,,,,,,
58,1,1,3,2,1,3,3,3,4,4,2,3,,,,,,,,,,
59,1,1,3,2,1,2,4,4,1,2,4,4,,,,,,,,,,
60,1,1,3,2,1,3,1,1,2,4,1,1,,,,,,,,,,
61,2,1,3,1,1,1,1,2,1,1,2,1,,Degree by gender,,,,,,,,
62,1,1,3,2,1,2,3,2,2,2,1,2,,Degree by gender,male,female,,,,,,
63,1,1,3,2,1,2,2,2,1,2,2,2,,Bachelors,63,65,,,,,,
64,1,1,3,2,1,2,3,4,2,3,2,2,,Engineers,390,226,,,,,,
65,1,1,3,2,1,2,2,1,2,2,4,2,,Masters,58,53,,,,,,
66,1,1,3,2,1,3,3,1,4,1,1,1,,Doctor,1,4,,,,,,
67,1,7,3,3,1,3,1,3,4,4,1,3,,,,,,,,,,
68,1,1,3,2,1,2,3,2,1,3,1,2,,,,,,,,,,
69,1,1,2,1,1,2,2,2,1,2,2,2,,,,,,,,,,
70,2,12,3,1,1,4,4,1,3,4,3,4,,,,,,,,,,
71,1,1,2,2,1,2,2,2,2,2,2,2,,,,,,,,,,
72,1,2,3,1,1,3,4,2,2,4,3,2,,,,,,,,,,
73,1,1,3,1,2,2,2,2,4,4,3,2,,,,,,,,,,
74,2,4,2,1,2,3,1,3,4,1,3,3,,,,,,,,,,
75,1,5,2,2,1,3,4,4,4,1,1,4,,,,,,,,,,
76,1,1,3,2,1,2,1,2,1,1,4,1,,,,,,,,,,
77,1,1,1,3,1,3,4,4,4,4,2,4,,,,,,,,,,
78,1,1,3,2,1,2,2,2,2,2,4,2,,,,,,,,,,
79,1,1,3,2,1,3,1,2,2,2,2,2,,,,,,,,,,
80,1,1,3,2,1,2,2,2,1,2,3,2,,,,,,,,,,
81,1,1,3,2,1,3,4,4,4,4,4,4,,,,,,,,,,
82,1,1,3,2,1,2,1,2,1,3,2,2,,,,,,,,,,
83,1,1,3,1,1,2,3,1,4,1,4,1,,,,,,,,,,
84,1,1,3,2,1,4,3,1,1,4,1,1,,,,,,,,,,
85,1,1,3,2,1,2,1,2,3,3,3,3,,Amount of fields,,,,,,,,
86,1,1,3,2,1,2,4,1,2,1,4,1,,field of study,amount,,,,,,,
87,2,1,2,2,1,4,1,4,4,4,1,4,,IT,296,,,,,,,
88,1,1,2,2,1,1,4,2,1,1,2,1,,Economy,31,,,,,,,
89,1,1,3,2,1,2,2,3,2,3,2,2,,Managment,59,,,,,,,
90,1,1,6,4,1,3,1,2,4,1,1,1,,Psychology,14,,,,,,,
91,2,12,1,2,1,1,1,2,1,1,2,1,,Mechatronics,124,,,,,,,
92,2,5,1,2,1,3,1,3,3,4,4,3,,Medicine,4,,,,,,,
93,1,1,2,2,1,1,1,3,2,1,1,1,,Construction,57,,,,,,,
94,2,11,1,1,1,1,1,2,2,2,1,1,,Logistics,47,,,,,,,
95,2,11,1,2,1,1,4,3,2,1,4,3,,Architecture,32,,,,,,,
96,1,3,1,3,2,2,2,2,2,2,3,2,,Biochemistry,73,,,,,,,
97,1,9,1,2,1,3,4,4,4,1,3,4,,Human health or environment,72,,,,,,,
98,2,10,1,2,1,3,3,3,2,2,3,3,,Other,51,,,,,,,
99,1,7,1,2,1,2,2,4,3,4,3,4,,,,,,,,,,
100,1,8,1,2,2,3,3,3,3,3,3,3,,,,,,,,,,
101,2,8,1,2,1,2,1,2,1,2,2,2,,,,,,,,,,
102,1,5,1,3,1,2,1,2,2,3,1,2,,,,,,,,,,
103,2,8,1,2,1,3,4,4,2,1,1,4,,,,,,,,,,
104,2,8,2,3,2,3,4,4,4,4,3,4,,,,,,,,,,
105,1,8,1,2,1,3,4,2,2,3,4,2,,,,,,,,,,
106,2,12,2,2,1,3,4,2,2,3,4,2,,,,,,,,,,
107,1,8,1,2,1,3,2,4,4,2,2,2,,,,,,,,,,
108,1,11,1,2,1,3,4,2,4,2,2,2,,,,,,,,,,
109,2,5,4,2,1,2,2,2,1,1,3,2,,,,,,,,,,
110,2,3,1,2,2,3,1,2,2,3,1,2,,,,,,,,,,
111,2,11,1,2,1,2,1,2,1,4,1,1,,,,,,,,,,
112,1,11,1,2,1,2,4,4,2,2,4,2,,,,,,,,,,
113,2,6,1,2,1,3,1,4,2,1,2,4,,,,,,,,,,
114,1,7,3,1,2,1,3,1,3,3,4,3,,,,,,,,,,
115,1,5,3,2,1,2,1,2,2,2,4,2,,,,,,,,,,
116,1,11,1,2,1,1,1,2,2,1,2,1,,,,,,,,,,
117,2,3,3,2,1,3,4,4,2,1,1,4,,Amount of full time study,,,,,,,,
118,2,12,1,2,1,3,2,2,2,3,4,2,,Yes,721,,,,,,,
119,2,12,2,2,1,3,4,1,3,4,4,4,,No,139,,,,,,,
120,2,8,1,2,1,3,2,2,3,3,4,3,,,,,,,,,,
121,2,8,1,2,1,3,4,3,3,3,3,3,,,,,,,,,,
122,2,5,4,2,1,3,4,3,4,4,4,4,,,,,,,,,,
123,1,5,5,3,2,2,2,2,2,2,2,2,,,,,,,,,,
124,2,11,3,2,1,2,1,4,1,1,3,1,,,,,,,,,,
125,2,7,1,1,1,3,2,4,1,4,2,4,,,,,,,,,,
126,2,11,2,2,1,4,1,2,3,1,3,2,,,,,,,,,,
127,1,12,3,2,1,2,4,4,2,4,4,4,,,,,,,,,,
128,1,1,4,2,1,3,4,4,4,3,3,4,,,,,,,,,,
129,1,1,5,2,2,4,1,4,1,3,2,4,,,,,,,,,,
130,2,1,2,1,1,1,1,2,2,1,4,1,,Field of study ,year 1 ,year 2,year 3,year 4,year 5,year 6,year 7,year 8
131,1,1,1,2,1,3,3,2,3,3,4,3,,IT,65,95,70,49,14,2,1,0
132,1,1,4,2,1,2,3,2,2,3,3,3,,Economy,6,7,13,4,1,0,0,0
133,1,1,1,2,2,2,2,2,1,3,1,2,,Managment,18,17,8,10,6,0,0,0
134,2,11,5,3,1,2,1,2,2,1,2,2,,Psychology,1,12,0,1,0,0,0,0
135,2,1,4,2,1,4,1,2,1,4,4,4,,Mechatronics,34,32,26,14,13,4,1,0
136,1,1,2,2,2,3,3,4,2,4,4,4,,Medicine,2,0,1,1,0,0,0,0
137,1,1,3,2,1,1,2,2,2,2,1,2,,Construction,19,20,4,8,4,2,0,0
138,1,1,5,3,1,3,3,4,4,3,3,3,,Logistics,32,12,1,0,2,0,0,0
139,1,1,5,3,1,1,3,2,2,2,2,2,,Architecture,12,9,5,3,1,2,0,0
140,1,1,3,2,1,3,4,1,2,4,1,1,,Biochemistry,35,15,4,11,8,0,0,0
141,2,1,2,2,2,4,1,3,1,4,4,4,,Human health or environment,18,20,14,11,8,0,0,1
142,1,1,1,2,1,4,3,4,4,4,1,4,,Other,28,9,8,6,0,0,0,0
143,1,1,4,2,1,1,3,2,2,1,2,2,,,,,,,,,,
144,1,1,2,1,2,2,3,2,3,2,3,3,,,,,,,,,,
145,1,1,2,2,1,1,1,2,1,2,2,1,,,,,,,,,,
146,1,12,2,2,1,3,2,2,1,4,1,2,,,,,,,,,,
147,1,1,4,2,1,1,4,1,1,1,1,1,,,,,,,,,,
148,2,3,4,2,2,2,2,2,2,2,2,2,,,,,,,,,,
149,2,12,1,1,1,3,1,1,2,1,2,1,,,,,,,,,,
150,2,1,2,2,1,2,1,1,3,3,2,1,,,,,,,,,,
151,1,1,3,2,1,2,3,2,3,2,2,2,,,,,,,,,,
152,1,1,1,2,1,2,4,2,4,2,2,2,,,,,,,,,,
153,1,7,4,2,1,2,4,2,2,2,1,2,,,,,,,,,,
154,1,8,3,2,1,3,4,2,2,3,1,2,,,,,,,,,,
155,1,12,1,2,1,3,4,4,4,3,4,4,,,,,,,,,,
156,2,11,1,2,1,3,1,4,1,4,4,4,,,,,,,,,,
157,2,9,1,2,1,1,1,2,1,1,1,1,,,,,,,,,,
158,1,1,1,3,1,4,4,3,3,3,3,3,,,,,,,,,,
159,1,1,1,3,1,2,2,4,2,2,4,2,,,,,,,,,,
160,1,1,2,2,1,1,2,2,1,4,1,1,,,,,,,,,,
161,2,1,2,2,1,1,1,2,1,1,2,1,,,,,,,,,,
162,1,1,1,3,1,2,4,2,2,2,1,2,,,,,,,,,,
163,1,7,3,2,1,3,4,1,4,2,1,1,,,,,,,,,,
164,1,1,2,2,1,3,4,4,4,3,3,4,,,,,,,,,,
165,1,5,1,1,1,3,1,3,2,4,1,3,,,,,,,,,,
166,1,1,1,2,1,3,1,2,4,2,1,2,,,,,,,,,,
167,2,8,1,2,1,1,1,1,2,2,2,1,,,,,,,,,,
168,2,1,5,3,1,2,1,1,2,1,4,1,,,,,,,,,,
169,1,1,1,2,1,2,1,2,1,1,1,1,,,,,,,,,,
170,1,1,3,2,1,2,4,2,2,4,1,2,,,,,,,,,,
171,2,8,5,3,1,2,1,2,4,2,2,2,,,,,,,,,,
172,1,9,1,2,1,3,1,2,2,1,2,2,,,,,,,,,,
173,2,12,2,2,1,3,2,2,4,4,2,2,,,,,,,,,,
174,1,7,4,2,1,3,3,4,2,1,4,4,,,,,,,,,,
175,1,1,3,2,1,4,4,4,3,3,3,4,,,,,,,,,,
176,1,1,3,2,1,1,2,2,1,2,2,2,,,,,,,,,,
177,1,7,1,1,1,3,3,1,4,3,3,3,,,,,,,,,,
178,2,3,1,1,1,1,1,2,1,1,2,1,,,,,,,,,,
179,1,5,1,2,1,1,1,3,1,1,2,1,,,,,,,,,,
180,1,1,4,2,2,1,1,2,1,2,3,1,,,,,,,,,,
181,1,12,1,2,1,3,2,2,4,4,3,2,,,,,,,,,,
182,2,3,1,2,1,3,4,3,2,4,3,3,,,,,,,,,,
183,1,1,4,2,1,1,1,2,2,2,2,2,,,,,,,,,,
184,2,11,2,3,1,3,1,4,3,1,3,3,,,,,,,,,,
185,1,7,2,2,1,1,1,2,2,3,2,2,,,,,,,,,,
186,2,12,5,3,1,3,4,4,1,3,2,4,,,,,,,,,,
187,1,1,1,2,1,2,4,4,4,3,1,4,,,,,,,,,,
188,1,3,1,1,1,3,4,4,4,2,1,4,,,,,,,,,,
189,1,5,1,2,1,2,1,2,1,2,2,2,,,,,,,,,,
190,2,3,2,2,1,3,3,2,1,4,3,3,,,,,,,,,,
191,1,2,2,1,1,3,4,4,3,4,3,4,,,,,,,,,,
192,2,3,1,1,1,3,2,4,1,4,3,4,,,,,,,,,,
193,1,12,3,2,1,1,1,2,2,2,2,2,,,,,,,,,,
194,2,12,8,4,1,3,1,4,1,4,3,4,,,,,,,,,,
195,1,8,5,3,1,3,4,4,1,1,1,1,,,,,,,,,,
196,1,2,3,1,2,2,1,2,3,1,4,2,,,,,,,,,,
197,1,1,3,2,1,2,1,2,1,4,1,1,,,,,,,,,,
198,2,8,3,2,1,1,2,2,1,2,2,2,,,,,,,,,,
199,2,11,2,2,1,3,2,2,2,1,4,2,,,,,,,,,,
200,1,1,2,2,2,2,2,2,2,2,2,2,,,,,,,,,,
201,1,9,5,3,1,4,2,4,2,2,1,2,,,,,,,,,,
202,2,3,1,1,1,1,1,1,1,2,2,1,,,,,,,,,,
203,1,9,1,2,1,1,1,3,2,2,1,1,,,,,,,,,,
204,2,11,1,2,1,3,4,2,2,1,2,2,,,,,,,,,,
205,1,1,5,3,1,2,4,2,2,2,2,2,,,,,,,,,,
206,1,1,1,2,1,1,1,1,1,1,1,1,,,,,,,,,,
207,1,1,5,3,1,2,2,2,2,2,2,2,,,,,,,,,,
208,2,9,1,2,1,3,4,4,1,4,3,4,,,,,,,,,,
209,2,3,3,1,1,3,1,4,3,1,3,3,,,,,,,,,,
210,1,1,4,2,1,2,4,2,4,2,4,2,,,,,,,,,,
211,2,1,1,3,1,2,1,2,1,1,1,1,,,,,,,,,,
212,2,11,5,3,1,3,1,4,1,1,3,1,,,,,,,,,,
213,1,1,4,2,1,3,1,4,2,1,1,1,,,,,,,,,,
214,2,2,3,1,1,2,2,2,1,4,3,2,,,,,,,,,,
215,1,1,3,2,2,3,4,2,2,4,2,2,,,,,,,,,,
216,2,3,2,2,1,3,4,3,1,3,3,3,,,,,,,,,,
217,2,12,1,2,1,2,1,1,2,2,3,2,,,,,,,,,,
218,1,3,1,3,2,3,2,2,4,2,2,2,,,,,,,,,,
219,1,1,2,2,1,3,1,2,4,2,3,2,,,,,,,,,,
220,2,11,5,3,1,2,1,2,2,4,2,2,,,,,,,,,,
221,1,5,1,2,1,3,2,3,3,4,2,3,,,,,,,,,,
222,2,7,1,1,1,3,2,4,1,4,2,4,,,,,,,,,,
223,1,1,2,2,2,1,2,2,2,1,1,1,,,,,,,,,,
224,1,1,5,3,2,3,4,2,2,2,3,2,,,,,,,,,,
225,1,11,1,2,1,2,2,2,2,1,1,2,,,,,,,,,,
226,2,3,1,1,1,2,2,2,3,2,3,2,,,,,,,,,,
227,1,1,2,2,1,1,2,2,2,2,1,2,,,,,,,,,,
228,1,8,2,2,1,2,3,2,4,3,2,2,,,,,,,,,,
229,2,11,5,3,1,3,2,2,2,2,2,2,,,,,,,,,,
230,1,8,2,2,1,2,4,2,2,1,1,2,,,,,,,,,,
231,1,1,1,3,2,2,2,2,2,2,4,2,,,,,,,,,,
232,2,12,1,2,1,1,1,2,1,1,1,1,,,,,,,,,,
233,1,5,2,3,2,3,4,3,2,4,2,3,,,,,,,,,,
234,2,2,1,1,1,3,1,1,3,2,4,1,,,,,,,,,,
235,2,11,5,3,1,1,1,2,1,2,2,1,,,,,,,,,,
236,1,5,3,2,1,4,3,3,4,4,2,4,,,,,,,,,,
237,1,1,1,2,1,3,1,2,1,1,2,1,,,,,,,,,,
238,1,8,1,2,1,3,2,2,1,2,1,2,,,,,,,,,,
239,2,9,1,2,1,1,1,2,1,1,1,1,,,,,,,,,,
240,1,1,3,2,1,3,3,3,1,1,2,3,,,,,,,,,,
241,1,1,3,2,2,3,4,4,2,4,1,4,,,,,,,,,,
242,2,2,3,1,1,3,3,3,2,2,2,3,,,,,,,,,,
243,2,1,3,2,1,2,2,2,2,1,4,2,,,,,,,,,,
244,2,2,4,3,1,3,1,2,4,1,3,2,,,,,,,,,,
245,1,1,2,2,1,2,4,2,3,2,1,2,,,,,,,,,,
246,1,5,2,2,1,3,2,4,4,3,3,3,,,,,,,,,,
247,1,5,2,2,1,1,4,1,4,1,4,4,,,,,,,,,,
248,2,7,1,2,1,2,1,2,4,4,1,2,,,,,,,,,,
249,1,3,4,2,2,3,4,3,2,3,2,3,,,,,,,,,,
250,2,11,4,4,1,2,1,2,1,1,3,1,,,,,,,,,,
251,1,1,2,2,2,1,2,2,2,2,2,2,,,,,,,,,,
252,1,1,1,2,1,3,4,4,3,2,2,4,,,,,,,,,,
253,2,8,6,3,1,3,3,2,4,4,1,2,,,,,,,,,,
254,2,8,1,2,1,2,2,1,2,2,2,2,,,,,,,,,,
255,1,1,2,2,1,3,4,4,4,4,1,4,,,,,,,,,,
256,1,1,1,2,1,4,4,4,2,4,4,4,,,,,,,,,,
257,1,1,4,2,1,2,2,2,1,1,4,2,,,,,,,,,,
258,1,1,4,3,2,4,4,3,4,3,1,4,,,,,,,,,,
259,2,11,1,2,2,2,1,2,1,1,1,1,,,,,,,,,,
260,1,9,1,2,1,1,1,2,1,2,3,1,,,,,,,,,,
261,1,9,1,2,1,1,1,2,1,2,3,1,,,,,,,,,,
262,1,5,4,2,1,2,4,2,2,1,2,2,,,,,,,,,,
263,1,5,1,2,1,3,2,1,2,1,1,1,,,,,,,,,,
264,2,8,2,3,1,4,1,4,1,1,3,1,,,,,,,,,,
265,1,12,1,1,1,2,2,2,2,2,2,2,,,,,,,,,,
266,1,9,2,2,1,2,4,2,3,1,3,2,,,,,,,,,,
267,2,1,4,2,1,2,1,2,2,4,2,2,,,,,,,,,,
268,2,1,2,2,1,1,2,2,2,2,2,2,,,,,,,,,,
269,2,3,1,2,1,3,1,4,3,3,3,3,,,,,,,,,,
270,1,8,1,2,1,2,2,2,4,2,3,2,,,,,,,,,,
271,2,3,2,2,1,4,3,3,3,3,3,3,,,,,,,,,,
272,1,5,2,2,1,2,3,3,1,2,4,3,,,,,,,,,,
273,2,1,1,2,1,3,1,1,4,4,3,1,,,,,,,,,,
274,1,1,4,2,1,2,3,1,2,2,2,2,,,,,,,,,,
275,1,1,3,2,1,2,2,2,1,1,1,1,,,,,,,,,,
276,1,9,2,2,1,2,2,2,2,2,2,2,,,,,,,,,,
277,2,11,2,2,1,4,3,4,2,4,2,4,,,,,,,,,,
278,2,5,4,2,1,3,4,1,1,4,4,4,,,,,,,,,,
279,1,1,1,2,1,2,4,2,1,2,3,2,,,,,,,,,,
280,2,11,1,2,1,2,1,2,1,4,4,2,,,,,,,,,,
281,1,5,1,2,1,2,2,2,2,2,2,2,,,,,,,,,,
282,2,11,2,2,1,1,1,2,1,2,4,1,,,,,,,,,,
283,1,1,3,2,2,3,4,3,4,1,4,4,,,,,,,,,,
284,2,1,2,2,2,1,2,3,4,4,4,4,,,,,,,,,,
285,2,11,2,3,1,2,2,2,1,1,2,2,,,,,,,,,,
286,2,10,2,2,1,1,1,1,1,1,3,1,,,,,,,,,,
287,1,1,4,2,2,2,2,2,4,2,1,2,,,,,,,,,,
288,2,12,4,2,1,2,1,2,2,2,2,2,,,,,,,,,,
289,1,1,1,2,1,2,2,2,2,2,2,2,,,,,,,,,,
290,1,9,1,2,1,2,1,2,4,2,2,2,,,,,,,,,,
291,1,1,4,2,2,3,2,1,2,1,2,2,,,,,,,,,,
292,1,1,2,2,1,2,2,2,3,1,1,2,,,,,,,,,,
293,1,1,1,1,1,2,1,2,2,3,1,2,,,,,,,,,,
294,1,1,2,2,1,3,2,3,4,4,2,3,,,,,,,,,,
295,1,5,1,2,1,3,2,3,3,4,2,3,,,,,,,,,,
296,2,12,1,2,1,2,3,4,3,1,1,4,,,,,,,,,,
297,1,5,5,3,1,2,2,1,2,2,2,2,,,,,,,,,,
298,1,5,2,2,1,2,3,2,4,4,3,2,,,,,,,,,,
299,2,1,5,3,1,4,1,3,4,1,3,3,,,,,,,,,,
300,1,5,3,2,1,1,2,2,1,3,2,2,,,,,,,,,,
301,2,12,3,2,1,3,4,4,3,4,3,4,,,,,,,,,,
302,2,12,3,2,1,2,3,4,4,4,4,4,,,,,,,,,,
303,2,3,1,1,1,3,4,4,4,4,3,4,,,,,,,,,,
304,2,9,2,3,1,1,1,2,1,2,2,1,,,,,,,,,,
305,1,7,1,2,1,3,4,3,2,3,3,3,,,,,,,,,,
306,2,5,1,3,1,2,1,1,1,1,2,1,,,,,,,,,,
307,1,1,2,2,1,1,1,1,1,2,4,1,,,,,,,,,,
308,1,1,3,2,2,3,4,2,2,4,2,2,,,,,,,,,,
309,1,1,4,2,1,3,4,4,4,3,3,4,,,,,,,,,,
310,1,12,1,3,1,3,4,3,4,4,1,4,,,,,,,,,,
311,1,5,2,2,1,2,2,2,3,2,2,2,,,,,,,,,,
312,2,3,5,3,1,4,4,3,4,4,3,4,,,,,,,,,,
313,2,12,1,2,1,2,2,2,3,1,3,2,,,,,,,,,,
314,1,1,4,2,1,2,4,2,2,1,2,2,,,,,,,,,,
315,2,1,1,2,2,2,4,1,4,4,2,4,,,,,,,,,,
316,1,1,4,2,2,3,2,3,4,1,1,3,,,,,,,,,,
317,2,9,1,2,1,2,1,2,2,4,2,2,,,,,,,,,,
318,1,1,2,2,1,2,3,2,1,2,2,2,,,,,,,,,,
319,2,2,4,3,1,3,4,4,4,3,3,4,,,,,,,,,,
320,2,1,2,2,1,1,2,2,1,4,2,2,,,,,,,,,,
321,1,1,2,2,1,3,3,3,2,1,3,3,,,,,,,,,,
322,1,3,5,3,2,3,1,2,4,2,3,2,,,,,,,,,,
323,1,7,2,2,1,1,1,2,2,1,1,1,,,,,,,,,,
324,1,1,2,2,1,2,2,2,1,1,2,2,,,,,,,,,,
325,1,1,4,2,1,2,4,2,2,2,4,2,,,,,,,,,,
326,1,1,4,2,1,2,3,2,2,2,1,2,,,,,,,,,,
327,1,5,4,3,2,2,3,2,2,2,1,2,,,,,,,,,,
328,2,12,4,2,1,2,4,2,2,2,2,2,,,,,,,,,,
329,1,1,1,2,1,3,2,2,2,2,2,2,,,,,,,,,,
330,1,5,3,2,1,2,2,2,2,2,2,2,,,,,,,,,,
331,1,7,3,2,1,3,2,2,3,3,2,3,,,,,,,,,,
332,2,11,5,3,1,2,4,4,2,2,4,2,,,,,,,,,,
333,1,5,3,2,1,1,2,2,2,1,2,2,,,,,,,,,,
334,1,1,3,2,1,3,4,1,4,4,3,4,,,,,,,,,,
335,2,1,4,2,2,2,4,2,1,4,2,2,,,,,,,,,,
336,1,5,3,2,1,2,2,2,1,2,4,2,,,,,,,,,,
337,1,1,4,2,1,2,4,2,2,2,1,2,,,,,,,,,,
338,1,5,1,2,2,2,1,2,2,2,2,2,,,,,,,,,,
339,2,2,3,1,2,3,2,4,4,3,3,3,,,,,,,,,,
340,2,8,1,2,1,2,1,2,2,4,1,2,,,,,,,,,,
341,1,1,2,2,1,1,4,2,1,1,2,1,,,,,,,,,,
342,1,1,4,2,1,2,1,2,2,1,1,1,,,,,,,,,,
343,1,5,1,2,2,2,4,2,3,1,3,2,,,,,,,,,,
344,1,5,1,2,1,2,3,2,3,1,1,2,,,,,,,,,,
345,1,9,2,2,1,3,4,2,4,4,3,3,,,,,,,,,,
346,1,12,5,2,1,3,2,3,4,2,1,4,,,,,,,,,,
347,2,8,5,2,2,2,2,2,2,2,2,2,,,,,,,,,,
348,2,3,3,2,1,3,4,4,2,1,1,4,,,,,,,,,,
349,1,11,4,3,1,3,4,2,4,4,3,4,,,,,,,,,,
350,1,5,1,1,1,2,1,2,3,2,2,2,,,,,,,,,,
351,1,9,1,1,1,1,2,2,2,2,2,2,,,,,,,,,,
352,1,9,1,1,1,3,1,4,2,4,2,4,,,,,,,,,,
353,2,11,2,2,1,2,1,2,1,2,2,2,,,,,,,,,,
354,1,1,4,2,1,4,4,2,2,2,2,2,,,,,,,,,,
355,2,5,6,3,2,3,4,2,4,4,3,4,,,,,,,,,,
356,1,9,1,2,1,2,1,2,1,2,1,1,,,,,,,,,,
357,1,3,2,1,1,3,2,2,2,3,2,2,,,,,,,,,,
358,1,3,1,2,1,1,3,2,1,1,2,1,,,,,,,,,,
359,1,1,2,2,1,2,1,2,2,2,2,2,,,,,,,,,,
360,1,5,1,3,1,2,1,4,1,4,4,4,,,,,,,,,,
361,2,11,2,2,1,3,1,2,2,3,1,2,,,,,,,,,,
362,1,1,5,3,1,2,4,2,2,2,2,2,,,,,,,,,,
363,1,1,4,2,1,3,4,4,2,4,2,4,,,,,,,,,,
364,1,11,1,2,2,3,4,2,4,3,3,3,,,,,,,,,,
365,1,1,3,1,2,2,1,2,2,3,2,2,,,,,,,,,,
366,1,1,2,1,1,4,4,4,3,1,3,4,,,,,,,,,,
367,1,1,2,2,1,2,2,2,2,2,2,2,,,,,,,,,,
368,1,5,4,2,2,3,4,2,2,3,1,2,,,,,,,,,,
369,1,5,2,2,1,2,2,2,2,2,2,2,,,,,,,,,,
370,1,1,2,2,1,2,4,2,1,2,2,2,,,,,,,,,,
371,1,5,3,2,1,3,4,4,2,2,2,2,,,,,,,,,,
372,2,1,2,2,1,2,2,2,2,1,2,2,,,,,,,,,,
373,1,5,2,2,1,3,2,3,4,3,4,3,,,,,,,,,,
374,1,5,3,2,1,1,2,2,2,1,1,1,,,,,,,,,,
375,2,12,3,2,1,2,2,2,2,3,2,2,,,,,,,,,,
376,2,8,1,3,2,3,4,1,1,4,4,4,,,,,,,,,,
377,1,1,1,1,1,3,3,3,3,3,2,3,,,,,,,,,,
378,1,5,2,1,2,2,4,2,1,4,2,2,,,,,,,,,,
379,1,5,3,2,1,2,2,2,2,2,2,2,,,,,,,,,,
380,1,1,1,3,1,2,4,2,2,1,4,2,,,,,,,,,,
381,2,3,4,2,2,2,4,2,2,2,2,2,,,,,,,,,,
382,2,1,4,2,1,2,2,2,2,2,2,2,,,,,,,,,,
383,1,1,4,2,1,4,2,2,2,2,3,2,,,,,,,,,,
384,2,12,3,2,1,2,1,1,2,2,2,2,,,,,,,,,,
385,2,3,1,1,1,2,2,2,3,2,3,2,,,,,,,,,,
386,1,8,2,2,1,2,2,2,2,2,2,2,,,,,,,,,,
387,1,1,3,2,1,3,2,2,2,2,2,2,,,,,,,,,,
388,2,10,6,3,1,3,4,1,4,4,2,4,,,,,,,,,,
389,1,3,2,2,2,3,3,2,2,2,1,2,,,,,,,,,,
390,1,12,2,1,1,2,1,2,1,2,2,2,,,,,,,,,,
391,1,1,2,2,1,2,3,2,2,3,2,2,,,,,,,,,,
392,1,8,4,2,2,2,2,2,2,1,4,2,,,,,,,,,,
393,2,11,1,2,2,3,4,1,1,1,1,1,,,,,,,,,,
394,2,1,4,2,2,3,1,1,4,4,3,1,,,,,,,,,,
395,2,2,5,3,2,1,1,1,1,3,4,1,,,,,,,,,,
396,1,5,2,2,1,1,2,2,1,2,2,2,,,,,,,,,,
397,1,5,2,2,1,3,2,4,3,3,2,3,,,,,,,,,,
398,1,5,2,2,1,4,3,4,4,4,3,4,,,,,,,,,,
399,2,7,4,2,1,1,2,2,1,3,4,2,,,,,,,,,,
400,1,12,2,2,1,3,4,4,4,1,4,4,,,,,,,,,,
401,2,8,2,2,1,3,1,2,1,2,2,2,,,,,,,,,,
402,2,12,5,3,1,2,1,3,2,1,3,3,,,,,,,,,,
403,2,2,2,1,1,3,1,3,2,3,3,3,,,,,,,,,,
404,1,1,2,2,1,1,1,2,1,1,1,1,,,,,,,,,,
405,2,11,4,2,2,3,1,2,4,3,2,2,,,,,,,,,,
406,2,11,4,2,2,2,1,2,1,2,1,1,,,,,,,,,,
407,2,12,2,3,1,1,1,3,1,2,4,1,,,,,,,,,,
408,1,1,6,3,2,2,4,4,2,4,1,4,,,,,,,,,,
409,1,1,2,1,1,1,1,1,1,1,4,1,,,,,,,,,,
410,1,5,3,2,1,3,4,4,4,1,1,4,,,,,,,,,,
411,1,5,3,2,1,2,4,2,2,1,2,2,,,,,,,,,,
412,1,5,3,2,1,3,3,3,3,4,2,3,,,,,,,,,,
413,1,5,3,2,1,3,3,2,1,4,1,2,,,,,,,,,,
414,1,3,3,2,2,2,2,2,2,2,2,2,,,,,,,,,,
415,1,7,3,2,1,2,4,2,3,1,2,2,,,,,,,,,,
416,1,5,3,2,1,2,2,3,2,2,2,2,,,,,,,,,,
417,1,3,2,2,1,2,4,3,2,2,2,2,,,,,,,,,,
418,1,5,5,2,1,1,2,4,2,1,2,2,,,,,,,,,,
419,1,9,1,1,1,3,1,4,2,4,2,4,,,,,,,,,,
420,1,1,1,2,1,3,4,4,2,2,1,4,,,,,,,,,,
421,1,5,2,2,1,2,2,2,2,1,1,2,,,,,,,,,,
422,2,2,2,3,2,3,1,4,1,1,1,1,,,,,,,,,,
423,1,5,2,3,2,3,4,2,4,4,4,4,,,,,,,,,,
424,1,1,4,2,2,1,1,3,1,4,3,1,,,,,,,,,,
425,2,1,3,2,2,3,2,4,4,4,3,4,,,,,,,,,,
426,1,1,2,3,2,3,4,1,2,2,2,2,,,,,,,,,,
427,2,9,1,2,1,4,4,3,1,1,3,3,,,,,,,,,,
428,1,1,4,2,1,3,4,4,2,1,4,4,,,,,,,,,,
429,2,1,2,2,1,3,4,4,4,2,1,4,,,,,,,,,,
430,1,1,1,1,1,2,1,2,2,2,1,2,,,,,,,,,,
431,1,1,3,2,1,2,4,2,4,1,4,4,,,,,,,,,,
432,1,1,2,2,1,2,2,2,2,2,2,2,,,,,,,,,,
433,1,11,2,2,1,2,2,2,2,2,2,2,,,,,,,,,,
434,1,1,4,2,1,4,1,1,1,4,1,1,,,,,,,,,,
435,1,1,2,1,1,1,1,2,1,2,2,1,,,,,,,,,,
436,1,8,5,2,2,3,2,2,1,1,2,2,,,,,,,,,,
437,1,3,2,2,2,3,4,3,2,3,2,3,,,,,,,,,,
438,1,1,4,2,1,2,4,2,2,2,2,2,,,,,,,,,,
439,1,7,2,2,1,1,2,2,2,2,4,2,,,,,,,,,,
440,1,1,3,2,1,2,2,2,2,2,4,2,,,,,,,,,,
441,1,1,2,2,1,1,4,2,2,3,2,2,,,,,,,,,,
442,1,5,3,2,1,2,1,2,1,2,1,1,,,,,,,,,,
443,2,1,2,2,1,1,2,1,1,2,2,1,,,,,,,,,,
444,1,1,3,2,1,3,4,3,4,3,1,3,,,,,,,,,,
445,1,1,3,2,1,2,2,2,3,1,3,2,,,,,,,,,,
446,2,1,5,3,2,3,3,1,4,3,1,3,,,,,,,,,,
447,1,1,1,2,2,2,2,2,3,4,3,2,,,,,,,,,,
448,1,5,5,3,1,3,4,4,2,4,2,4,,,,,,,,,,
449,1,1,1,2,1,1,4,2,2,2,4,2,,,,,,,,,,
450,2,1,1,2,1,2,2,2,1,1,2,2,,,,,,,,,,
451,2,9,3,2,1,1,2,2,2,1,1,1,,,,,,,,,,
452,2,10,5,3,1,3,1,4,1,4,3,4,,,,,,,,,,
453,1,12,2,2,2,2,2,2,2,2,2,2,,,,,,,,,,
454,1,1,1,1,1,1,2,2,1,1,2,1,,,,,,,,,,
455,2,1,4,2,2,2,1,1,1,2,4,1,,,,,,,,,,
456,2,5,2,3,2,3,4,1,4,3,4,4,,,,,,,,,,
457,1,1,2,1,1,3,3,3,3,1,2,3,,,,,,,,,,
458,2,11,4,3,1,3,3,3,4,4,4,4,,,,,,,,,,
459,2,3,2,2,1,3,4,3,4,3,4,4,,,,,,,,,,
460,1,1,4,2,2,3,4,4,4,3,2,4,,,,,,,,,,
461,2,9,1,2,1,3,1,2,1,3,2,2,,,,,,,,,,
462,2,2,3,1,1,2,3,1,3,1,2,1,,,,,,,,,,
463,1,1,2,1,1,1,2,2,1,1,2,1,,,,,,,,,,
464,1,2,3,1,1,2,2,2,2,2,1,2,,,,,,,,,,
465,1,1,4,2,2,3,4,2,1,4,2,2,,,,,,,,,,
466,1,3,5,3,2,3,2,4,3,4,4,4,,,,,,,,,,
467,1,8,2,2,1,3,4,4,2,3,2,4,,,,,,,,,,
468,2,3,2,1,1,3,1,1,3,1,3,3,,,,,,,,,,
469,1,5,1,1,1,2,2,2,2,3,3,2,,,,,,,,,,
470,2,3,5,3,1,3,1,3,4,4,2,3,,,,,,,,,,
471,1,1,2,2,2,3,1,2,2,2,2,2,,,,,,,,,,
472,2,2,4,3,1,2,2,2,2,4,1,2,,,,,,,,,,
473,2,2,4,3,1,2,2,2,2,4,1,2,,,,,,,,,,
474,1,5,7,2,1,2,2,2,2,2,2,2,,,,,,,,,,
475,2,9,2,2,1,3,2,2,4,3,3,3,,,,,,,,,,
476,1,5,3,2,1,3,2,2,1,1,3,2,,,,,,,,,,
477,1,1,4,2,1,4,2,4,1,1,1,1,,,,,,,,,,
478,1,12,2,2,1,3,4,3,3,3,3,3,,,,,,,,,,
479,1,5,3,2,1,3,1,4,3,4,1,4,,,,,,,,,,
480,1,12,1,2,1,3,2,2,4,4,3,2,,,,,,,,,,
481,2,2,1,3,1,1,1,1,1,3,2,1,,,,,,,,,,
482,1,1,1,2,2,2,2,2,3,2,2,2,,,,,,,,,,
483,1,1,2,1,1,1,2,2,2,2,2,2,,,,,,,,,,
484,1,7,1,2,1,2,4,2,1,1,2,2,,,,,,,,,,
485,1,1,2,2,1,1,1,2,2,2,1,1,,,,,,,,,,
486,1,5,2,2,2,3,4,4,2,1,2,4,,,,,,,,,,
487,1,1,1,2,2,3,4,4,1,1,3,4,,,,,,,,,,
488,1,12,4,2,1,2,2,2,2,2,2,2,,,,,,,,,,
489,1,1,1,2,2,3,4,4,1,1,3,4,,,,,,,,,,
490,1,1,3,2,2,2,1,2,1,1,1,1,,,,,,,,,,
491,1,5,5,3,1,3,4,2,2,2,1,2,,,,,,,,,,
492,2,10,2,2,1,2,2,1,1,2,1,1,,,,,,,,,,
493,2,11,5,3,1,3,2,4,3,1,2,4,,,,,,,,,,
494,1,12,2,2,2,2,4,2,2,3,2,2,,,,,,,,,,
495,1,2,3,1,1,3,4,4,2,4,2,4,,,,,,,,,,
496,2,2,2,1,1,3,1,1,3,1,2,1,,,,,,,,,,
497,2,1,2,2,2,3,3,2,2,4,1,2,,,,,,,,,,
498,1,1,4,2,2,2,4,2,2,2,1,2,,,,,,,,,,
499,1,5,1,3,1,2,3,3,1,3,2,3,,,,,,,,,,
500,1,1,3,2,1,3,4,4,2,3,3,3,,,,,,,,,,
501,1,1,1,2,2,3,4,4,1,1,3,4,,,,,,,,,,
502,1,1,3,2,1,3,4,4,2,3,3,3,,,,,,,,,,
503,1,5,1,2,1,2,1,2,1,2,1,1,,,,,,,,,,
504,1,3,2,2,1,2,4,2,2,2,2,2,,,,,,,,,,
505,2,2,3,1,1,2,1,3,1,1,3,1,,,,,,,,,,
506,1,5,5,3,1,2,2,2,2,2,2,2,,,,,,,,,,
507,2,1,5,3,1,2,1,1,1,2,2,1,,,,,,,,,,
508,1,1,2,2,1,3,4,2,3,2,2,2,,,,,,,,,,
509,2,12,5,3,1,3,4,3,4,3,2,3,,,,,,,,,,
510,1,1,5,2,1,1,2,2,3,1,1,1,,,,,,,,,,
511,1,3,5,3,1,3,4,1,2,3,1,1,,,,,,,,,,
512,1,1,2,2,1,2,4,1,2,2,2,2,,,,,,,,,,
513,1,1,1,2,1,3,2,3,1,4,3,3,,,,,,,,,,
514,1,1,1,1,1,3,4,2,4,3,1,2,,,,,,,,,,
515,1,1,1,2,1,2,2,3,1,1,1,1,,,,,,,,,,
516,1,1,2,2,1,2,4,1,2,2,2,2,,,,,,,,,,
517,2,1,1,2,1,2,2,2,4,4,2,2,,,,,,,,,,
518,1,1,1,1,1,1,1,2,1,2,2,1,,,,,,,,,,
519,1,1,1,1,1,2,4,1,2,1,1,1,,,,,,,,,,
520,1,5,2,2,1,1,1,2,4,1,1,1,,,,,,,,,,
521,1,1,1,2,1,3,3,1,2,2,1,1,,,,,,,,,,
522,1,5,2,2,1,2,3,4,1,4,1,4,,,,,,,,,,
523,1,5,6,3,2,2,2,2,2,2,2,2,,,,,,,,,,
524,2,12,3,2,1,3,1,2,2,2,2,2,,,,,,,,,,
525,1,5,1,2,1,1,2,4,1,1,1,1,,,,,,,,,,
526,1,7,2,2,1,3,3,3,3,1,4,3,,,,,,,,,,
527,2,7,2,2,1,2,1,2,1,2,2,2,,,,,,,,,,
528,2,1,2,2,1,2,2,4,2,1,4,2,,,,,,,,,,
529,1,1,1,2,1,1,2,1,2,2,1,1,,,,,,,,,,
530,1,12,4,2,1,2,4,2,2,3,2,2,,,,,,,,,,
531,2,1,1,2,1,2,2,4,2,4,2,2,,,,,,,,,,
532,1,5,1,2,1,2,2,2,1,2,1,2,,,,,,,,,,
533,1,1,2,2,1,3,4,3,2,3,1,3,,,,,,,,,,
534,2,11,1,1,1,2,2,2,2,4,2,2,,,,,,,,,,
535,1,1,4,2,1,2,4,2,2,2,2,2,,,,,,,,,,
536,1,1,2,2,1,2,2,2,1,4,3,2,,,,,,,,,,
537,1,1,1,2,1,2,1,4,3,1,1,1,,,,,,,,,,
538,1,1,1,2,1,2,4,2,1,3,3,2,,,,,,,,,,
539,2,9,2,2,1,3,1,4,1,4,1,1,,,,,,,,,,
540,1,3,1,2,1,3,1,1,3,1,1,1,,,,,,,,,,
541,1,3,2,1,1,2,4,1,4,1,3,1,,,,,,,,,,
542,1,1,2,2,1,3,1,2,2,2,4,2,,,,,,,,,,
543,1,1,2,2,1,3,4,4,2,1,2,4,,,,,,,,,,
544,1,1,1,2,1,2,2,2,2,2,2,2,,,,,,,,,,
545,1,5,2,2,1,2,2,2,2,2,2,2,,,,,,,,,,
546,1,1,1,2,1,2,4,2,4,3,3,2,,,,,,,,,,
547,2,1,7,2,1,2,1,2,1,3,4,2,,,,,,,,,,
548,1,1,3,2,1,2,1,2,1,2,2,2,,,,,,,,,,
549,1,5,1,1,2,2,2,1,4,1,4,1,,,,,,,,,,
550,2,11,1,2,1,1,2,2,1,1,2,1,,,,,,,,,,
551,2,3,2,2,1,3,4,4,4,4,4,4,,,,,,,,,,
552,2,10,1,2,1,1,1,2,2,2,2,2,,,,,,,,,,
553,1,1,2,3,1,4,4,4,4,4,4,4,,,,,,,,,,
554,2,3,4,2,1,3,3,3,2,3,4,3,,,,,,,,,,
555,1,1,2,2,1,3,4,2,2,1,1,2,,,,,,,,,,
556,2,12,3,2,1,2,1,2,4,4,1,2,,,,,,,,,,
557,2,11,1,2,1,2,2,2,2,2,2,2,,,,,,,,,,
558,2,7,2,2,1,1,2,2,2,2,4,2,,,,,,,,,,
559,1,1,4,2,1,3,2,2,3,3,4,3,,,,,,,,,,
560,1,5,1,3,2,3,2,2,2,4,2,2,,,,,,,,,,
561,1,1,1,2,1,4,4,4,2,4,2,4,,,,,,,,,,
562,2,7,4,2,1,3,1,2,2,1,2,2,,,,,,,,,,
563,1,1,3,2,1,2,2,2,2,2,4,2,,,,,,,,,,
564,1,1,2,1,1,3,4,2,2,1,2,2,,,,,,,,,,
565,1,1,1,2,1,2,1,2,1,1,4,1,,,,,,,,,,
566,2,7,4,2,1,3,1,2,2,1,2,2,,,,,,,,,,
567,1,1,2,2,1,2,4,2,2,4,2,2,,,,,,,,,,
568,2,10,1,2,1,2,1,1,1,2,3,1,,,,,,,,,,
569,2,10,3,2,1,3,1,1,4,4,3,1,,,,,,,,,,
570,1,1,2,2,1,2,4,2,2,2,2,2,,,,,,,,,,
571,1,5,1,3,1,3,4,4,2,3,4,4,,,,,,,,,,
572,1,1,3,2,1,2,2,2,2,3,1,2,,,,,,,,,,
573,2,8,1,2,1,3,3,2,2,1,3,3,,,,,,,,,,
574,2,12,2,3,1,2,4,3,2,2,4,2,,,,,,,,,,
575,2,3,2,1,1,2,1,4,2,2,2,2,,,,,,,,,,
576,2,12,4,4,1,1,1,2,1,1,2,1,,,,,,,,,,
577,2,12,1,2,1,2,2,2,2,2,2,2,,,,,,,,,,
578,1,5,2,2,1,3,2,2,2,1,2,2,,,,,,,,,,
579,1,1,2,2,1,3,4,2,3,2,1,2,,,,,,,,,,
580,2,8,2,2,1,2,2,2,2,3,2,2,,,,,,,,,,
581,1,8,2,2,1,3,4,4,4,4,4,4,,,,,,,,,,
582,2,2,2,1,1,2,2,3,1,2,2,2,,,,,,,,,,
583,1,7,1,1,1,1,2,2,2,2,2,2,,,,,,,,,,
584,2,11,2,2,1,3,1,4,3,4,4,4,,,,,,,,,,
585,2,1,2,1,1,2,2,2,2,2,4,2,,,,,,,,,,
586,1,1,4,2,1,2,4,3,1,1,2,3,,,,,,,,,,
587,2,11,1,2,1,1,1,2,1,1,3,1,,,,,,,,,,
588,2,3,3,1,1,2,1,1,1,1,3,1,,,,,,,,,,
589,2,5,1,2,1,1,2,2,2,1,2,2,,,,,,,,,,
590,2,1,4,2,1,1,1,2,1,1,4,1,,,,,,,,,,
591,1,9,1,2,1,3,2,4,2,2,3,2,,,,,,,,,,
592,1,9,1,2,1,3,1,2,2,2,2,2,,,,,,,,,,
593,1,9,1,2,1,3,4,2,4,2,2,2,,,,,,,,,,
594,2,9,1,2,1,3,1,4,1,1,3,1,,,,,,,,,,
595,2,9,1,2,1,3,4,4,3,4,3,4,,,,,,,,,,
596,1,9,1,2,1,1,3,1,4,2,3,1,,,,,,,,,,
597,1,5,3,2,1,2,2,2,3,2,2,2,,,,,,,,,,
598,1,8,6,3,2,2,4,2,3,1,3,2,,,,,,,,,,
599,2,9,1,2,1,2,1,2,3,1,2,2,,,,,,,,,,
600,2,10,3,2,1,2,2,2,3,1,2,2,,,,,,,,,,
601,2,9,1,2,2,2,1,2,1,4,4,2,,,,,,,,,,
602,2,1,2,2,1,2,1,1,3,1,2,1,,,,,,,,,,
603,1,1,2,2,1,2,4,1,2,2,2,2,,,,,,,,,,
604,1,1,1,2,1,3,4,2,2,2,2,2,,,,,,,,,,
605,2,11,1,2,1,1,1,4,1,1,4,1,,,,,,,,,,
606,2,3,2,1,1,1,3,4,1,4,3,4,,,,,,,,,,
607,1,1,3,2,1,2,3,2,2,3,1,2,,,,,,,,,,
608,1,5,5,3,2,2,1,2,2,3,1,2,,,,,,,,,,
609,2,1,2,2,2,1,1,2,2,2,2,2,,,,,,,,,,
610,1,1,1,2,1,1,2,2,2,3,2,2,,,,,,,,,,
611,2,8,4,2,1,2,4,4,2,2,2,2,,,,,,,,,,
612,2,3,1,1,1,3,1,4,1,2,3,4,,,,,,,,,,
613,1,1,1,2,1,1,3,2,3,1,4,2,,,,,,,,,,
614,1,1,4,2,1,1,1,2,2,1,1,1,,,,,,,,,,
615,2,11,4,2,1,1,1,2,2,2,1,1,,,,,,,,,,
616,1,7,1,2,1,2,1,2,2,2,2,2,,,,,,,,,,
617,1,1,2,2,1,4,4,3,3,4,3,4,,,,,,,,,,
618,1,1,3,2,1,1,2,2,2,2,2,2,,,,,,,,,,
619,2,9,5,3,1,1,2,2,1,1,2,1,,,,,,,,,,
620,2,1,4,2,2,2,2,3,1,3,2,2,,,,,,,,,,
621,1,11,1,2,1,1,4,3,1,1,2,1,,,,,,,,,,
622,2,3,1,1,2,3,2,4,4,1,3,4,,,,,,,,,,
623,1,1,2,2,1,3,4,4,2,3,1,4,,,,,,,,,,
624,1,1,2,2,1,1,1,2,1,2,2,1,,,,,,,,,,
625,2,10,4,2,1,3,1,3,4,2,2,3,,,,,,,,,,
626,1,5,4,2,1,3,1,4,1,3,1,1,,,,,,,,,,
627,1,10,1,3,1,2,1,2,2,2,4,2,,,,,,,,,,
628,2,10,1,2,1,2,2,1,1,3,4,1,,,,,,,,,,
629,2,11,2,2,1,3,1,2,1,1,3,1,,,,,,,,,,
630,1,1,2,2,1,2,4,4,2,2,4,2,,,,,,,,,,
631,2,4,4,2,1,3,3,2,1,4,1,2,,,,,,,,,,
632,2,1,2,2,1,3,2,2,2,3,2,2,,,,,,,,,,
633,1,1,2,2,1,3,4,2,2,4,1,2,,,,,,,,,,
634,1,1,2,2,1,2,1,2,4,2,1,2,,,,,,,,,,
635,1,1,2,2,1,2,1,2,3,2,2,2,,,,,,,,,,
636,1,1,2,2,1,2,4,2,2,1,4,2,,,,,,,,,,
637,1,5,5,3,1,3,3,1,2,3,1,3,,,,,,,,,,
638,1,1,2,2,1,3,4,3,2,4,4,4,,,,,,,,,,
639,1,1,2,2,1,3,4,2,3,3,2,3,,,,,,,,,,
640,1,9,2,2,1,2,1,2,2,1,1,1,,,,,,,,,,
641,1,9,1,2,2,1,4,3,2,3,4,3,,,,,,,,,,
642,2,12,4,2,1,3,1,4,2,4,2,4,,,,,,,,,,
643,2,10,2,2,1,2,1,1,2,1,1,1,,,,,,,,,,
644,2,7,1,2,1,3,1,4,1,4,4,4,,,,,,,,,,
645,1,5,5,3,1,2,2,2,2,2,2,2,,,,,,,,,,
646,2,3,2,1,2,2,2,2,1,1,3,2,,,,,,,,,,
647,2,12,5,1,1,1,1,1,3,1,4,1,,,,,,,,,,
648,2,2,3,1,1,2,3,2,3,2,3,3,,,,,,,,,,
649,1,1,2,2,1,2,4,2,2,2,1,2,,,,,,,,,,
650,1,8,4,2,1,1,2,2,2,2,2,2,,,,,,,,,,
651,2,2,3,1,1,3,4,4,2,1,2,4,,,,,,,,,,
652,2,11,3,2,1,3,4,1,3,4,3,3,,,,,,,,,,
653,2,11,3,2,1,1,4,1,2,1,2,1,,,,,,,,,,
654,1,1,2,2,1,1,2,2,1,1,2,1,,,,,,,,,,
655,1,5,3,2,1,2,3,2,2,4,1,2,,,,,,,,,,
656,1,5,5,2,1,3,4,4,3,3,4,4,,,,,,,,,,
657,1,1,3,2,2,2,2,2,2,2,4,2,,,,,,,,,,
658,1,1,3,2,1,1,4,2,2,3,1,2,,,,,,,,,,
659,2,11,5,4,1,2,1,1,4,1,4,1,,,,,,,,,,
660,2,2,1,1,1,4,1,2,4,1,3,2,,,,,,,,,,
661,1,3,2,1,1,3,4,4,4,4,4,4,,,,,,,,,,
662,2,10,2,2,1,2,4,1,3,1,2,1,,,,,,,,,,
663,1,1,1,1,1,2,1,2,4,2,1,2,,,,,,,,,,
664,2,7,1,2,1,1,1,4,1,3,3,1,,,,,,,,,,
665,2,10,2,1,1,3,1,1,4,2,3,1,,,,,,,,,,
666,2,5,3,2,1,3,4,4,3,4,4,4,,,,,,,,,,
667,2,1,2,2,1,2,2,2,2,2,4,2,,,,,,,,,,
668,2,10,4,2,1,2,3,1,4,1,1,1,,,,,,,,,,
669,1,1,2,2,1,2,4,2,1,1,3,2,,,,,,,,,,
670,1,8,2,2,1,4,4,4,4,4,1,4,,,,,,,,,,
671,1,1,2,1,2,2,4,2,2,2,2,2,,,,,,,,,,
672,1,6,1,2,1,2,1,2,1,1,1,1,,,,,,,,,,
673,2,12,4,2,1,1,2,2,1,1,2,1,,,,,,,,,,
674,2,12,5,2,1,3,2,2,2,2,2,2,,,,,,,,,,
675,1,1,4,2,1,4,4,3,1,3,1,3,,,,,,,,,,
676,1,1,1,2,1,3,1,1,2,1,2,1,,,,,,,,,,
677,2,8,1,2,1,3,2,2,3,3,4,3,,,,,,,,,,
678,2,8,3,2,1,3,4,4,2,2,2,2,,,,,,,,,,
679,1,5,4,2,1,3,3,3,2,2,2,3,,,,,,,,,,
680,1,1,4,2,1,2,2,1,2,2,2,2,,,,,,,,,,
681,1,5,3,2,2,3,4,4,3,3,4,4,,,,,,,,,,
682,2,9,2,2,1,3,1,4,1,4,3,4,,,,,,,,,,
683,2,11,2,2,1,1,2,2,2,1,2,2,,,,,,,,,,
684,1,9,1,2,1,3,3,1,4,1,1,1,,,,,,,,,,
685,1,1,1,2,1,1,2,2,3,2,2,2,,,,,,,,,,
686,2,9,1,2,1,3,4,4,1,4,3,4,,,,,,,,,,
687,1,9,1,2,1,2,2,2,4,1,2,2,,,,,,,,,,
688,1,1,1,3,1,2,2,2,3,2,2,2,,,,,,,,,,
689,2,9,2,2,1,3,1,2,2,2,1,2,,,,,,,,,,
690,2,8,1,2,1,1,2,2,2,2,2,2,,,,,,,,,,
691,1,5,2,2,1,2,2,2,2,2,2,2,,,,,,,,,,
692,2,5,3,2,1,2,4,2,4,2,4,2,,,,,,,,,,
693,1,12,5,3,1,3,3,2,2,2,3,3,,,,,,,,,,
694,2,5,3,2,1,4,1,4,4,4,3,4,,,,,,,,,,
695,2,12,2,2,1,3,4,4,4,4,1,4,,,,,,,,,,
696,1,5,2,2,1,3,1,4,4,4,2,4,,,,,,,,,,
697,1,7,1,2,2,3,3,1,4,4,3,3,,,,,,,,,,
698,1,5,4,2,1,2,1,2,2,1,1,1,,,,,,,,,,
699,1,5,2,3,2,3,4,4,1,1,3,4,,,,,,,,,,
700,2,3,5,3,1,2,1,2,2,1,2,2,,,,,,,,,,
701,2,12,3,2,1,2,2,2,2,2,2,2,,,,,,,,,,
702,1,1,2,2,1,2,2,2,4,3,2,2,,,,,,,,,,
703,1,1,2,2,1,1,2,2,2,3,2,2,,,,,,,,,,
704,1,5,1,1,1,3,2,3,1,4,4,3,,,,,,,,,,
705,2,3,4,2,1,4,1,4,1,4,3,4,,,,,,,,,,
706,2,11,2,2,1,2,2,2,2,1,2,2,,,,,,,,,,
707,2,10,4,2,1,3,1,4,2,2,2,2,,,,,,,,,,
708,1,5,2,2,1,3,4,4,3,2,3,3,,,,,,,,,,
709,1,7,1,2,1,3,4,4,1,1,1,1,,,,,,,,,,
710,2,7,4,2,1,3,4,4,1,4,3,4,,,,,,,,,,
711,2,8,2,2,1,3,1,4,1,1,3,1,,,,,,,,,,
712,1,1,1,3,1,2,2,2,1,2,2,2,,,,,,,,,,
713,2,11,4,2,1,2,2,4,2,4,4,2,,,,,,,,,,
714,1,8,2,2,1,1,4,3,2,1,1,1,,,,,,,,,,
715,1,9,2,2,1,2,3,4,2,2,1,2,,,,,,,,,,
716,2,10,2,2,1,3,1,2,1,3,2,2,,,,,,,,,,
717,1,8,2,2,1,3,3,4,3,4,2,3,,,,,,,,,,
718,1,1,1,2,1,3,4,2,3,1,1,2,,,,,,,,,,
719,1,1,2,2,1,1,1,3,3,1,4,1,,,,,,,,,,
720,1,10,6,3,1,2,2,2,1,2,2,2,,,,,,,,,,
721,1,1,1,1,1,1,4,1,4,2,1,1,,,,,,,,,,
722,2,12,1,3,2,2,2,2,2,2,3,2,,,,,,,,,,
723,2,8,1,2,1,3,2,3,2,4,4,3,,,,,,,,,,
724,1,8,2,2,1,3,2,4,1,4,3,4,,,,,,,,,,
725,1,12,4,2,1,3,1,4,2,3,3,3,,,,,,,,,,
726,2,7,2,2,1,2,1,2,1,2,2,2,,,,,,,,,,
727,2,8,2,2,1,3,1,2,2,2,2,2,,,,,,,,,,
728,2,11,1,2,1,3,1,4,4,4,4,4,,,,,,,,,,
729,1,1,1,3,1,1,1,1,2,1,1,1,,,,,,,,,,
730,1,1,2,2,1,3,4,3,4,2,2,3,,,,,,,,,,
731,1,5,2,2,2,3,4,4,2,1,4,4,,,,,,,,,,
732,1,5,4,2,1,3,4,2,3,3,1,3,,,,,,,,,,
733,1,3,3,2,1,3,4,4,4,4,1,4,,,,,,,,,,
734,1,5,2,2,1,3,4,1,1,1,1,1,,,,,,,,,,
735,2,11,4,2,1,2,3,2,1,3,2,2,,,,,,,,,,
736,1,8,2,2,1,1,2,2,2,2,2,2,,,,,,,,,,
737,2,2,1,3,1,3,1,4,2,3,2,4,,,,,,,,,,
738,2,5,2,2,2,2,2,2,2,3,2,2,,,,,,,,,,
739,2,7,3,2,1,2,2,2,2,2,2,2,,,,,,,,,,
740,2,12,5,3,1,3,4,3,4,3,3,3,,,,,,,,,,
741,1,12,2,2,1,2,2,2,2,1,2,2,,,,,,,,,,
742,2,12,2,2,1,3,2,2,4,1,3,2,,,,,,,,,,
743,1,3,4,2,2,3,4,2,2,4,4,4,,,,,,,,,,
744,2,11,4,1,2,2,1,3,2,1,1,1,,,,,,,,,,
745,2,2,3,1,2,3,2,2,2,2,2,2,,,,,,,,,,
746,1,7,1,1,1,3,1,4,2,1,1,1,,,,,,,,,,
747,2,2,2,1,1,2,2,2,3,2,2,2,,,,,,,,,,
748,2,3,2,1,1,2,1,4,2,3,2,2,,,,,,,,,,
749,2,8,4,2,1,3,1,3,4,4,1,3,,,,,,,,,,
750,1,7,1,2,1,3,4,2,4,2,4,4,,,,,,,,,,
751,2,2,2,1,1,2,2,1,1,3,2,2,,,,,,,,,,
752,2,5,4,2,2,3,4,3,2,4,2,3,,,,,,,,,,
753,2,1,3,2,1,1,1,1,1,2,2,1,,,,,,,,,,
754,1,7,1,2,1,3,4,3,4,4,3,3,,,,,,,,,,
755,2,10,1,3,1,3,1,1,2,3,4,1,,,,,,,,,,
756,2,10,2,3,2,2,1,1,1,2,3,1,,,,,,,,,,
757,2,5,3,2,1,3,1,4,1,1,2,1,,,,,,,,,,
758,1,7,3,2,1,3,1,1,1,1,1,1,,,,,,,,,,
759,2,10,1,2,1,3,1,2,4,1,2,2,,,,,,,,,,
760,1,9,1,1,1,2,1,2,2,1,2,2,,,,,,,,,,
761,1,7,1,2,1,3,4,3,4,4,3,3,,,,,,,,,,
762,2,3,4,3,1,2,2,1,2,2,4,2,,,,,,,,,,
763,2,6,3,2,1,3,2,2,1,1,1,1,,,,,,,,,,
764,1,7,1,2,1,2,2,2,1,2,2,2,,,,,,,,,,
765,1,7,1,2,1,2,2,2,1,2,2,2,,,,,,,,,,
766,1,5,3,2,1,1,1,2,1,2,1,1,,,,,,,,,,
767,2,9,1,2,1,3,2,2,1,2,3,2,,,,,,,,,,
768,2,10,2,1,1,2,1,1,1,1,1,1,,,,,,,,,,
769,2,9,1,2,1,3,2,2,1,2,3,2,,,,,,,,,,
770,1,8,1,2,2,2,1,2,1,4,1,1,,,,,,,,,,
771,2,11,2,2,1,2,4,2,2,2,2,2,,,,,,,,,,
772,1,5,6,2,2,2,1,1,2,2,1,1,,,,,,,,,,
773,1,5,5,2,1,1,3,2,2,2,2,2,,,,,,,,,,
774,1,9,2,2,1,3,4,2,4,4,3,4,,,,,,,,,,
775,1,1,2,2,2,2,4,1,2,3,3,3,,,,,,,,,,
776,1,5,6,3,2,2,2,4,4,1,2,4,,,,,,,,,,
777,2,1,3,2,1,2,1,2,4,3,3,2,,,,,,,,,,
778,1,3,3,2,1,3,4,3,4,3,2,3,,,,,,,,,,
779,2,5,4,2,1,3,4,4,4,4,3,4,,,,,,,,,,
780,2,2,3,1,2,3,2,2,2,3,3,2,,,,,,,,,,
781,1,5,2,2,2,2,4,2,2,2,1,2,,,,,,,,,,
782,1,1,2,2,1,2,1,1,2,3,2,2,,,,,,,,,,
783,1,5,1,3,2,3,2,4,4,3,2,4,,,,,,,,,,
784,1,10,1,3,1,3,2,3,3,2,3,3,,,,,,,,,,
785,1,12,4,2,1,2,1,2,3,1,1,1,,,,,,,,,,
786,1,11,3,2,1,2,1,2,2,1,1,2,,,,,,,,,,
787,1,1,2,2,1,2,3,2,2,3,2,2,,,,,,,,,,
788,2,11,2,2,2,2,3,1,3,1,1,1,,,,,,,,,,
789,1,5,3,2,1,3,4,4,4,4,3,4,,,,,,,,,,
790,2,11,1,2,2,3,4,3,4,2,3,3,,,,,,,,,,
791,1,7,1,2,1,3,4,3,2,1,1,3,,,,,,,,,,
792,1,12,2,2,1,4,4,4,1,4,2,4,,,,,,,,,,
793,2,10,3,2,1,2,1,1,3,3,2,1,,,,,,,,,,
794,1,2,1,1,1,3,4,3,2,3,2,3,,,,,,,,,,
795,2,12,3,2,1,1,1,2,2,1,2,2,,,,,,,,,,
796,2,12,4,2,1,3,4,3,4,4,3,3,,,,,,,,,,
797,2,7,1,2,1,3,4,3,1,4,1,3,,,,,,,,,,
798,1,1,1,1,1,2,2,2,2,2,2,2,,,,,,,,,,
799,2,10,3,2,1,2,1,1,2,1,1,1,,,,,,,,,,
800,2,11,1,1,1,3,4,1,1,4,4,4,,,,,,,,,,
801,2,8,3,2,1,1,1,1,1,4,3,1,,,,,,,,,,
802,1,5,1,2,1,1,2,2,2,2,2,2,,,,,,,,,,
803,2,11,4,2,2,3,4,2,2,2,1,2,,,,,,,,,,
804,1,10,1,1,2,3,4,3,3,3,1,3,,,,,,,,,,
805,1,1,1,2,2,2,4,2,2,2,2,2,,,,,,,,,,
806,1,7,1,2,2,2,2,2,2,2,2,2,,,,,,,,,,
807,2,10,3,2,1,2,1,1,2,1,2,1,,,,,,,,,,
808,2,8,4,2,1,3,1,4,2,4,4,4,,,,,,,,,,
809,1,5,1,2,1,1,2,2,2,2,2,2,,,,,,,,,,
810,2,1,5,3,1,2,2,2,4,3,2,2,,,,,,,,,,
811,1,1,4,2,1,3,2,2,2,4,1,2,,,,,,,,,,
812,1,1,2,2,1,2,4,2,2,2,1,2,,,,,,,,,,
813,2,1,2,2,1,2,3,4,2,3,2,2,,,,,,,,,,
814,2,12,1,2,1,2,4,2,3,1,3,2,,,,,,,,,,
815,1,5,4,2,1,2,2,2,2,2,2,2,,,,,,,,,,
816,1,8,1,2,1,2,4,4,1,1,4,4,,,,,,,,,,
817,1,5,2,2,1,4,4,3,4,4,3,4,,,,,,,,,,
818,1,9,2,2,1,1,2,2,1,2,1,2,,,,,,,,,,
819,2,12,2,3,2,3,1,4,1,4,1,1,,,,,,,,,,
820,1,7,1,2,2,3,4,4,4,4,3,4,,,,,,,,,,
821,2,8,2,2,1,3,1,4,1,1,4,1,,,,,,,,,,
822,2,8,2,2,2,3,1,1,1,1,3,1,,,,,,,,,,
823,1,8,4,2,2,3,4,2,4,1,1,1,,,,,,,,,,
824,1,5,5,3,1,3,2,2,4,4,3,2,,,,,,,,,,
825,1,1,1,1,1,1,1,1,1,1,1,1,,,,,,,,,,
826,2,11,4,2,1,1,1,2,1,1,1,1,,,,,,,,,,
827,1,12,4,2,1,3,3,2,2,4,2,2,,,,,,,,,,
828,2,7,2,2,1,3,1,3,4,3,2,3,,,,,,,,,,
829,2,11,1,2,1,1,4,4,3,1,4,4,,,,,,,,,,
830,1,1,4,2,2,4,1,4,2,2,2,2,,,,,,,,,,
831,2,3,1,3,2,3,1,4,4,4,2,4,,,,,,,,,,
832,1,5,2,2,2,3,4,3,4,3,4,3,,,,,,,,,,
833,1,8,2,2,1,3,4,4,1,4,3,4,,,,,,,,,,
834,2,1,2,2,1,3,2,2,3,4,4,2,,,,,,,,,,
835,1,8,4,2,1,2,4,1,1,1,4,1,,,,,,,,,,
836,2,12,1,1,1,3,4,3,4,4,3,3,,,,,,,,,,
837,2,12,3,2,1,2,2,1,2,2,1,2,,,,,,,,,,
838,2,5,2,2,2,2,2,2,2,2,2,2,,,,,,,,,,
839,1,12,1,2,2,3,2,3,2,4,1,3,,,,,,,,,,
840,2,10,1,2,1,1,1,2,1,1,4,1,,,,,,,,,,
841,1,1,3,2,1,3,1,3,4,3,1,3,,,,,,,,,,
842,1,5,4,2,2,2,1,3,2,2,4,2,,,,,,,,,,
843,2,11,1,2,1,3,2,4,1,1,2,1,,,,,,,,,,
844,2,11,1,2,2,2,1,1,3,4,1,1,,,,,,,,,,
845,1,5,1,1,1,1,2,2,3,3,2,2,,,,,,,,,,
846,1,5,1,1,1,1,2,2,3,3,2,2,,,,,,,,,,
847,1,12,3,2,1,3,4,3,4,3,3,3,,,,,,,,,,
848,1,12,3,2,1,3,4,3,4,3,3,3,,,,,,,,,,
849,2,5,1,2,1,2,1,1,2,3,2,2,,,,,,,,,,
850,1,8,4,2,1,2,2,2,2,2,2,2,,,,,,,,,,
851,2,12,1,2,1,2,2,2,1,2,4,2,,,,,,,,,,
852,2,5,1,1,1,2,1,1,2,3,4,1,,,,,,,,,,
853,1,1,1,1,2,2,2,2,2,1,2,2,,,,,,,,,,
854,2,8,2,2,2,2,2,1,2,4,2,2,,,,,,,,,,
855,1,5,1,1,1,1,2,2,3,3,2,2,,,,,,,,,,
856,1,5,1,2,2,2,2,2,2,2,2,2,,,,,,,,,,
857,2,1,4,1,2,3,1,3,2,1,2,3,,,,,,,,,,
858,2,10,1,1,1,3,1,4,1,1,3,1,,,,,,,,,,
859,2,10,1,1,1,3,1,4,1,1,3,1,,,,,,,,,,
860,1,7,1,2,2,2,2,2,2,2,2,2,,,,,,,,,,
