zdal_id,student_id,zd_pyt1,zd_pyt2,zd_pyt3,zd_pyt4,zd_pyt5,zd_pyt6,zd_pyt7,zd_pyt8,zd_pyt9,zd_pyt10,zd_pyt11,zd_pyt12,zd_pyt13,zd_pyt14,zd_pyt15,zd_pyt16,zd_pyt17,zd_pyt18,zd_pyt19,zd_pyt20,zd_pyt21,zd_pyt22,zd_pyt23,zd_pyt24,zd_pyt25,zd_pyt26,zd_pyt27
1,1,Nie,4,4,3,4,4,4,4,4,3,4,3,4,4,4,4,4,3,4,4,1,3,Zoom,2,3,3,4
2,2,Nie,2,2,3,1,2,5,4,4,1,4,1,1,4,4,3,1,2,1,3,2,3,Microsoft teams,2,3,4,3
3,3,Nie,1,4,2,2,2,2,3,4,1,1,2,2,3,3,2,1,2,1,2,1,3,Zoom,1,3,3,2
4,4,Nie,2,3,2,3,3,3,2,3,3,2,4,4,2,3,3,2,2,2,3,2,3,Microsoft teams,2,3,3,3
5,5,Tak,4,2,5,5,4,4,3,4,4,4,3,4,5,5,5,4,4,4,5,2,5,Microsoft teams,2,4,5,2
6,6,Nie,1,2,3,3,2,5,5,4,1,1,2,3,4,2,3,1,3,1,1,2,3,Microsoft teams,2,3,3,2
7,7,Nie,1,1,2,2,1,2,2,2,1,1,2,1,5,5,3,1,2,1,3,1,3,Microsoft teams,2,3,3,2
8,8,Nie,5,2,3,2,1,3,4,5,1,1,2,3,4,5,5,2,3,1,3,2,1,Microsoft teams,2,2,2,4
9,9,Nie,2,2,5,2,4,4,4,4,3,3,3,3,4,4,4,3,4,3,4,2,4,Microsoft teams,1,3,3,4
10,10,Nie,2,3,2,2,4,5,5,5,2,2,2,3,4,4,5,3,2,1,3,1,5,Microsoft teams,2,3,2,3
11,11,Nie,5,2,3,1,2,5,5,5,3,2,3,2,4,4,3,3,3,1,3,2,2,Zoom,1,2,4,2
12,12,Nie,1,1,1,1,1,2,1,1,1,1,3,1,2,2,5,1,1,1,1,2,1,Microsoft teams,1,5,3,2
13,13,Nie,4,2,3,2,2,1,1,1,1,3,1,2,4,2,2,1,4,2,2,2,3,Microsoft teams,2,5,5,5
14,14,Tak,5,1,2,1,3,4,4,2,1,5,3,3,3,3,4,1,1,1,3,1,3,Microsoft teams,2,4,4,4
15,15,Nie,3,3,5,2,3,4,5,3,2,5,2,3,5,4,3,2,5,3,4,1,1,Microsoft teams,1,5,3,5
16,16,Nie,2,2,3,2,2,5,5,5,2,2,3,2,5,4,4,2,2,1,3,1,3,Inne,1,4,3,5
17,17,Nie,5,1,3,2,4,3,4,2,1,5,2,2,4,4,4,2,2,2,3,2,3,Microsoft teams,2,3,3,3
18,18,Nie,3,4,3,2,1,3,3,3,1,3,1,2,4,3,2,1,3,2,3,2,2,Microsoft teams,2,4,4,4
19,19,Nie,3,2,2,2,2,5,5,5,1,3,1,2,5,5,5,1,4,1,1,2,3,Microsoft teams,2,3,3,4
20,20,Tak,4,3,4,5,4,5,5,5,4,4,4,5,5,5,5,5,4,3,5,2,5,Microsoft teams,2,3,3,4
21,21,Tak,5,4,5,5,3,5,5,5,5,5,5,3,3,1,5,3,4,4,5,2,5,Microsoft teams,2,4,4,5
22,22,Nie,1,1,2,2,4,5,3,4,1,2,2,1,4,4,1,1,2,1,5,2,3,Microsoft teams,1,4,3,2
23,23,Nie ma to dla mnie znaczenia,5,2,4,5,4,4,4,2,2,4,4,3,4,3,5,3,3,2,4,2,4,Microsoft teams,2,4,3,4
24,24,Tak,1,2,2,5,3,3,4,3,1,5,4,3,1,2,5,2,3,2,4,2,3,Microsoft teams,2,4,4,5
25,25,Tak,4,2,2,5,4,5,5,5,2,5,2,1,1,1,2,2,3,2,3,1,4,Microsoft teams,2,4,4,3
26,26,Tak,5,2,5,4,4,5,5,5,5,5,5,4,5,4,5,5,4,4,5,2,5,Microsoft teams,1,4,5,5
27,27,Nie,1,3,2,2,2,2,2,2,1,1,1,1,2,2,2,2,3,3,3,2,1,Microsoft teams,2,3,3,2
28,28,Nie ma to dla mnie znaczenia,5,2,2,3,2,3,1,3,1,5,2,1,3,3,1,1,2,1,3,2,2,Microsoft teams,2,4,4,4
29,29,Nie,2,2,3,2,4,3,4,3,3,3,4,3,3,3,4,2,3,3,3,2,4,Microsoft teams,2,4,4,3
30,30,Nie,2,2,3,4,4,4,4,5,2,2,4,2,3,3,5,2,2,2,3,2,3,Microsoft teams,1,3,3,3
31,31,Nie,3,4,3,2,2,4,2,4,2,3,2,2,1,1,4,2,3,1,3,2,4,Microsoft teams,2,3,3,2
32,32,Nie ma to dla mnie znaczenia,4,2,4,5,5,5,5,5,2,2,3,1,2,2,5,4,1,4,4,1,4,Microsoft teams,1,3,3,4
33,33,Tak,3,3,5,5,5,5,5,5,4,4,5,5,5,5,5,5,3,4,5,2,5,Microsoft teams,2,5,5,5
34,34,Tak,4,3,5,4,3,5,5,5,3,2,3,4,5,4,3,4,5,3,3,2,5,Microsoft teams,2,3,3,3
35,35,Nie,2,3,3,2,3,4,4,5,2,2,3,3,4,4,5,2,3,2,3,2,4,Microsoft teams,2,3,3,3
36,36,Nie ma to dla mnie znaczenia,5,3,5,5,5,5,5,5,5,5,5,4,5,5,5,5,5,5,5,1,5,Microsoft teams,2,4,4,5
37,37,Nie,2,4,4,2,2,2,2,5,4,5,3,3,4,4,2,5,2,5,3,2,5,Microsoft teams,2,2,4,5
38,38,Tak,5,3,5,5,5,5,5,5,5,5,5,5,5,5,5,5,3,5,5,1,5,Microsoft teams,2,3,5,4
39,39,Nie,5,3,3,1,5,3,1,5,2,5,2,3,3,5,3,3,4,2,3,2,3,Microsoft teams,2,3,3,3
40,40,Nie,1,2,2,1,4,4,5,4,1,2,2,2,5,5,4,4,3,1,4,1,5,Microsoft teams,2,4,4,4
41,41,Nie ma to dla mnie znaczenia,5,3,5,5,2,5,5,5,2,3,2,4,5,4,5,4,5,2,5,2,5,Microsoft teams,2,4,5,5
42,42,Nie,1,3,2,3,3,5,5,5,1,2,2,3,4,4,4,4,3,1,5,2,4,Microsoft teams,2,4,4,3
43,43,Tak,3,2,3,3,5,2,4,2,4,3,5,3,4,3,4,4,1,3,5,1,5,Microsoft teams,2,5,5,5
44,44,Nie,4,2,4,3,3,3,5,2,2,2,2,4,4,4,5,2,3,2,2,2,4,Microsoft teams,2,4,4,4
45,45,Nie,4,1,3,5,2,2,3,4,2,2,3,2,3,2,4,3,2,2,5,2,3,Microsoft teams,2,4,2,4
46,46,Tak,2,2,5,3,4,5,5,4,5,3,5,4,5,3,4,4,5,3,5,2,4,Microsoft teams,2,3,3,5
47,47,Nie,1,2,3,5,2,5,5,5,2,2,5,2,4,4,5,2,2,3,4,2,4,Microsoft teams,1,4,4,5
48,48,Tak,4,3,4,4,4,5,5,2,4,4,4,4,3,1,5,4,4,4,4,2,4,Microsoft teams,2,4,5,5
49,49,Nie,2,2,2,4,2,3,4,3,1,3,5,3,3,2,4,3,3,2,2,2,4,Microsoft teams,1,4,4,5
50,50,Tak,2,2,5,5,4,4,4,4,3,3,5,4,4,4,2,5,3,5,5,1,5,Microsoft teams,2,5,5,5
51,51,Nie ma to dla mnie znaczenia,3,2,4,4,4,3,4,4,3,2,4,5,4,4,4,3,3,2,4,2,4,Microsoft teams,2,4,4,4
52,52,Nie ma to dla mnie znaczenia,4,5,4,4,3,5,4,5,1,1,4,2,5,1,1,3,3,1,4,1,3,Microsoft teams,2,5,4,5
53,53,Nie ma to dla mnie znaczenia,3,3,5,5,4,5,5,5,5,3,4,3,4,1,5,4,3,3,5,2,5,Microsoft teams,2,5,5,4
54,54,Tak,5,5,5,5,5,5,5,5,5,5,5,5,5,5,5,5,5,5,5,2,5,Microsoft teams,2,5,5,5
55,55,Tak,3,2,5,5,4,4,5,5,4,3,5,4,4,4,4,4,4,4,5,1,5,Microsoft teams,2,5,4,3
56,56,Nie,1,3,3,2,1,3,4,3,2,2,1,2,4,4,5,3,3,2,3,2,2,Microsoft teams,2,2,2,2
57,57,Tak,4,3,5,4,2,5,5,4,5,4,4,5,5,5,2,4,5,2,5,2,5,Microsoft teams,2,5,5,3
58,58,Nie,3,3,3,2,3,3,3,3,3,3,2,3,3,3,5,3,2,2,3,2,4,Microsoft teams,2,4,4,4
59,59,Nie,4,3,3,4,3,3,3,2,3,3,3,3,5,5,4,3,4,3,3,2,3,Discord,2,4,3,4
60,60,Tak,4,1,3,4,2,5,5,1,3,5,5,3,4,2,1,3,3,3,4,1,4,Microsoft teams,2,5,5,5
61,61,Tak,2,1,5,5,5,5,5,5,2,2,5,5,4,4,5,2,5,1,5,2,5,Microsoft teams,2,5,5,4
62,62,Nie ma to dla mnie znaczenia,2,3,3,3,3,3,3,3,1,3,3,2,1,1,5,2,5,1,1,2,5,Microsoft teams,2,4,4,4
63,63,Tak,5,2,2,4,5,2,3,2,4,5,4,2,4,4,5,4,1,2,4,2,5,Discord,2,4,2,4
64,64,Nie,2,2,3,5,2,2,4,1,3,2,3,2,4,4,3,3,2,3,2,2,2,Microsoft teams,2,5,5,5
65,65,Nie,3,3,3,4,3,5,5,5,2,3,3,2,3,3,5,2,2,1,3,2,3,Microsoft teams,2,1,1,3
66,66,Tak,5,3,5,5,5,5,5,5,5,5,5,5,2,5,5,5,5,5,5,1,5,Microsoft teams,1,4,5,5
67,67,Nie ma to dla mnie znaczenia,4,2,4,3,5,4,4,4,2,4,3,2,4,2,4,3,5,3,4,1,4,Microsoft teams,2,4,4,4
68,68,Tak,5,3,4,5,4,1,2,2,1,1,3,1,4,4,5,1,1,1,2,2,2,Microsoft teams,2,2,2,2
69,69,Tak,3,2,3,3,3,4,4,4,4,4,4,4,3,4,2,4,3,2,5,2,5,Microsoft teams,1,4,4,2
70,70,Tak,3,3,4,5,2,5,5,5,2,3,5,4,2,2,5,2,5,2,4,2,4,Microsoft teams,2,4,4,4
71,71,Tak,3,2,3,5,2,4,4,4,3,3,3,3,3,3,3,4,3,4,3,1,3,Microsoft teams,1,4,4,3
72,72,Tak,3,2,5,5,5,5,5,5,4,5,4,5,3,4,5,4,5,3,4,1,5,Microsoft teams,1,5,4,5
73,73,Nie,4,3,2,2,2,3,3,4,1,4,2,2,3,3,5,1,2,1,3,2,4,Microsoft teams,2,3,4,4
74,74,Nie,1,2,2,2,4,2,4,2,1,2,2,1,4,2,2,1,2,1,4,2,3,Microsoft teams,2,4,4,5
75,75,Nie,2,1,3,3,5,3,2,4,3,1,2,3,2,4,4,3,3,2,3,2,4,Microsoft teams,2,4,4,3
76,76,Nie,5,1,2,4,1,3,3,3,2,2,2,4,5,5,3,2,3,1,4,2,4,Microsoft teams,1,3,3,2
77,77,Nie ma to dla mnie znaczenia,3,3,2,4,5,4,3,3,3,3,3,3,3,3,3,2,2,2,4,1,3,Microsoft teams,2,3,3,3
78,78,Tak,4,4,3,3,4,3,2,2,2,2,2,2,4,4,5,3,4,2,3,2,4,Discord,2,4,4,4
79,79,Tak,4,3,5,5,5,4,5,4,5,5,5,5,4,5,5,4,4,5,5,2,4,Microsoft teams,2,5,5,4
80,80,Nie,1,2,2,1,1,5,4,5,1,1,1,3,4,4,5,1,3,1,2,2,3,Microsoft teams,2,3,3,5
81,81,Tak,3,3,3,5,4,4,5,2,4,2,4,4,4,5,5,4,4,3,4,2,4,Microsoft teams,2,4,5,5
82,82,Nie,2,2,2,5,5,4,5,4,3,2,5,3,5,4,3,3,2,2,5,2,3,Microsoft teams,1,4,4,3
83,83,Tak,5,3,3,5,5,4,5,1,4,5,5,3,4,5,5,4,5,4,5,2,5,Microsoft teams,2,5,4,5
84,84,Nie,5,1,3,2,1,1,1,1,1,1,4,2,2,4,5,3,1,2,3,2,2,Microsoft teams,2,1,1,1
85,85,Nie,1,2,1,1,1,1,1,1,1,1,1,1,1,1,1,1,1,1,1,2,1,Microsoft teams,1,3,1,3
86,86,Tak,3,2,3,5,5,3,4,5,4,3,4,5,5,5,4,4,3,2,5,1,5,Microsoft teams,2,5,4,5
87,87,Tak,3,2,3,4,3,4,4,1,3,3,5,1,3,2,1,2,1,3,4,2,4,Microsoft teams,2,3,3,4
88,88,Nie,1,2,1,2,2,3,3,3,1,5,2,3,2,2,3,2,1,2,1,2,1,Microsoft teams,2,5,5,2
89,89,Nie ma to dla mnie znaczenia,4,3,4,5,1,1,5,5,5,3,4,4,3,2,5,3,4,4,5,2,4,Microsoft teams,2,3,2,3
90,90,Nie,1,2,1,5,4,5,5,5,4,1,5,2,3,1,5,3,1,5,3,1,4,Microsoft teams,1,5,1,3
91,91,Tak,4,2,4,4,5,5,5,5,4,4,5,4,4,4,5,4,4,4,5,1,5,Microsoft teams,2,3,3,4
92,92,Nie,1,5,5,5,3,5,1,5,1,1,2,2,4,4,1,1,1,1,2,1,5,Microsoft teams,2,3,3,2
93,93,Nie,1,3,2,5,5,3,3,3,2,2,5,2,5,3,4,2,2,1,4,2,5,Microsoft teams,1,5,5,5
94,94,Nie ma to dla mnie znaczenia,2,3,5,4,4,4,2,4,3,3,4,5,2,4,3,4,5,4,3,2,5,Microsoft teams,2,4,4,3
95,95,Tak,3,5,5,5,4,5,5,5,5,3,3,4,5,5,5,5,5,5,5,1,5,Microsoft teams,1,5,5,4
96,96,Tak,5,5,5,5,5,5,5,5,5,5,5,5,1,1,5,5,5,5,5,2,5,Microsoft teams,2,5,5,5
97,97,Nie,5,2,5,5,1,5,5,5,2,5,3,5,4,4,4,3,5,2,4,2,5,Microsoft teams,2,4,4,5
98,98,Nie,1,2,3,1,4,2,4,2,1,2,1,2,5,5,4,1,4,1,3,2,3,Microsoft teams,2,2,3,4
99,99,Tak,5,3,5,4,3,3,3,4,2,4,4,4,5,3,5,4,4,3,4,1,5,Microsoft teams,2,4,4,4
100,100,Nie,2,1,2,3,3,3,3,3,3,2,3,2,4,4,5,3,2,2,3,2,5,Microsoft teams,2,3,3,4
101,101,Nie ma to dla mnie znaczenia,3,3,5,4,2,5,5,5,5,3,5,5,3,3,5,3,5,4,4,2,4,Microsoft teams,1,4,4,4
102,102,Nie,2,2,3,3,2,3,2,1,2,1,2,3,2,1,5,1,4,1,1,2,3,Microsoft teams,2,4,4,4
103,103,Tak,5,3,5,5,5,4,4,4,4,5,5,5,5,5,4,5,5,4,5,2,5,Microsoft teams,1,5,5,5
104,104,Nie,1,3,5,1,1,1,1,1,1,1,1,1,1,1,1,1,3,1,1,2,5,Microsoft teams,1,3,3,1
105,105,Tak,5,2,5,5,5,5,5,5,5,5,5,5,5,5,5,5,5,5,5,2,5,Microsoft teams,1,5,5,5
106,106,Nie ma to dla mnie znaczenia,5,2,3,5,2,3,3,4,1,5,3,2,3,3,4,1,1,1,3,2,5,Microsoft teams,2,4,3,3
107,107,Tak,1,1,3,2,5,2,2,2,2,2,3,3,4,4,4,2,2,2,2,2,3,Microsoft teams,2,4,4,4
108,108,Nie,5,2,1,1,1,1,2,2,1,5,1,1,4,3,3,1,1,1,1,1,1,Microsoft teams,2,3,3,2
109,109,Nie ma to dla mnie znaczenia,3,2,5,4,5,5,5,5,5,2,4,4,4,4,4,4,5,4,5,1,4,Microsoft teams,2,4,4,5
110,110,Tak,3,3,5,5,5,4,5,5,4,4,5,5,5,4,5,4,4,4,5,2,2,Microsoft teams,1,5,5,5
111,111,Nie,1,2,2,4,2,4,4,2,1,1,2,2,5,5,3,2,3,2,2,2,1,Microsoft teams,1,4,4,5
112,112,Nie,4,2,2,1,4,3,4,3,1,2,3,2,4,3,2,2,3,1,3,2,1,Microsoft teams,2,5,5,2
113,113,Nie,2,2,3,2,3,5,5,5,2,1,3,2,4,5,5,3,2,1,4,1,4,Microsoft teams,1,4,4,5
114,114,Tak,5,1,2,5,4,4,3,4,2,3,5,4,5,3,5,3,4,5,5,2,5,Microsoft teams,2,2,1,5
115,115,Tak,3,2,5,5,4,5,5,1,4,2,3,3,5,1,4,4,4,3,4,1,5,Microsoft teams,2,5,3,5
116,116,Nie,1,2,2,5,2,3,3,4,1,1,3,2,4,4,3,2,1,1,2,2,3,Microsoft teams,1,4,4,3
117,117,Nie ma to dla mnie znaczenia,1,3,5,4,5,5,4,5,5,1,5,5,4,2,3,5,4,4,4,2,5,Microsoft teams,2,4,4,5
118,118,Nie ma to dla mnie znaczenia,2,1,4,3,5,3,4,4,4,2,4,4,4,4,2,3,3,3,5,2,5,Microsoft teams,1,4,4,4
119,119,Tak,5,2,5,5,5,3,4,4,5,4,4,5,5,5,5,5,5,5,5,1,5,Microsoft teams,2,5,5,5
120,120,Nie,5,4,2,2,2,2,3,2,1,1,3,4,2,2,2,1,2,1,3,2,4,Microsoft teams,2,5,4,5
121,121,Nie,1,2,1,2,2,5,4,5,2,1,1,2,4,3,5,2,4,2,3,2,2,Microsoft teams,2,4,4,3
122,122,Nie,5,5,3,3,1,5,3,1,1,5,1,1,1,1,1,5,5,5,5,1,4,Microsoft teams,2,5,5,5
123,123,Tak,4,3,5,5,4,5,5,5,4,2,5,5,5,5,5,4,5,4,5,2,5,Microsoft teams,1,5,5,5
124,124,Nie,4,5,3,3,2,2,2,2,1,3,1,2,3,3,2,1,3,1,3,2,5,Microsoft teams,2,5,5,4
125,125,Tak,4,2,5,5,5,5,5,5,5,2,5,5,5,5,5,5,5,5,5,2,5,Microsoft teams,2,5,5,5
126,126,Nie,4,3,4,2,2,4,4,5,2,3,3,4,4,4,3,3,4,1,3,2,4,Microsoft teams,1,5,5,5
127,127,Nie,1,2,2,3,2,1,1,1,2,2,2,2,2,3,5,2,2,3,1,2,2,Microsoft teams,2,1,2,2
128,128,Tak,4,3,5,5,4,5,4,5,5,4,5,5,4,4,3,5,5,5,5,2,5,Microsoft teams,1,5,5,5
129,129,Tak,5,1,5,5,5,5,5,5,5,5,5,5,5,5,5,5,5,5,5,1,5,Microsoft teams,2,5,5,5
130,130,Tak,4,1,4,3,4,4,4,3,3,4,3,5,2,2,3,4,3,2,4,2,5,Microsoft teams,1,3,3,3
131,131,Nie ma to dla mnie znaczenia,5,3,5,5,4,4,5,5,5,5,5,4,3,1,5,4,5,4,4,1,4,Discord,2,5,5,4
132,132,Tak,5,4,5,5,4,5,5,5,4,5,5,4,4,3,5,5,5,4,5,2,5,Microsoft teams,2,5,5,5
133,133,Nie ma to dla mnie znaczenia,1,3,4,5,4,5,5,5,3,2,5,4,4,3,5,3,4,3,3,2,4,Microsoft teams,2,3,3,5
134,134,Nie ma to dla mnie znaczenia,3,2,4,4,3,5,5,5,2,3,3,4,5,5,5,4,4,2,3,1,5,Microsoft teams,2,4,4,5
135,135,Tak,4,2,5,4,5,5,5,4,4,5,5,5,5,5,5,2,5,1,3,2,5,Microsoft teams,2,4,3,3
136,136,Nie,2,1,2,4,4,1,2,2,4,2,3,3,4,4,4,2,2,3,3,1,3,Microsoft teams,2,5,5,5
137,137,Nie ma to dla mnie znaczenia,3,3,2,5,3,4,4,4,3,3,4,2,1,1,4,3,2,2,4,2,3,Microsoft teams,2,4,4,3
138,138,Tak,3,2,4,5,4,4,5,5,3,3,4,4,5,5,3,4,4,3,5,2,5,Microsoft teams,2,3,3,5
139,139,Tak,2,2,3,5,4,4,4,4,4,4,5,3,4,4,3,5,5,3,5,2,5,Microsoft teams,2,3,3,5
140,140,Tak,3,2,4,5,4,4,4,4,5,3,5,3,3,3,5,4,4,4,4,1,5,Microsoft teams,2,4,3,4
141,141,Tak,3,4,5,5,3,4,3,4,3,3,3,5,2,2,5,3,5,3,5,2,5,Microsoft teams,1,4,5,5
142,142,Nie,4,3,2,2,2,5,4,5,3,4,3,1,5,4,4,3,3,3,3,2,2,Microsoft teams,2,5,5,5
143,143,Tak,5,5,5,5,5,5,5,5,5,5,5,5,5,5,5,5,5,5,5,1,5,Microsoft teams,2,5,5,5
144,144,Tak,4,3,4,5,5,4,4,4,5,4,5,4,5,5,5,5,5,5,4,2,5,Microsoft teams,1,5,5,5
145,145,Tak,2,5,3,4,4,5,5,5,4,5,3,4,4,4,5,4,4,3,4,2,5,Microsoft teams,2,4,4,5
146,146,Tak,4,4,5,4,5,5,5,4,4,4,5,3,5,5,3,3,5,5,5,1,4,Microsoft teams,2,4,4,5
147,147,Nie,4,3,4,4,2,2,3,3,3,3,4,2,2,2,2,2,2,3,2,2,4,Microsoft teams,2,4,4,4
148,148,Nie,1,5,2,3,2,3,3,2,1,2,2,1,2,3,3,2,4,3,3,2,3,Microsoft teams,2,4,4,3
149,149,Tak,3,4,3,4,5,5,5,1,4,3,5,4,3,4,5,3,3,3,4,2,3,Microsoft teams,1,3,3,4
150,150,Nie,1,2,2,1,2,1,4,3,1,2,2,2,3,5,3,1,2,2,1,2,4,Microsoft teams,1,3,4,3
151,151,Nie,2,1,3,2,1,1,1,5,2,2,1,2,4,4,3,1,4,1,1,2,5,Microsoft teams,2,4,4,4
152,152,Tak,4,3,3,5,5,5,5,5,4,5,4,5,4,4,5,5,4,4,5,1,5,Discord,2,5,3,5
153,153,Nie,4,1,2,2,5,2,2,3,1,3,2,2,3,3,4,1,2,1,2,2,4,Microsoft teams,2,2,2,3
154,154,Tak,4,2,4,5,2,4,4,2,3,4,4,4,5,2,5,4,4,4,4,1,5,Microsoft teams,1,4,5,5
155,155,Tak,5,3,5,5,4,5,5,5,4,4,5,5,5,5,5,5,4,5,5,2,5,Microsoft teams,1,4,4,5
156,156,Tak,5,3,5,5,4,5,5,5,5,5,5,5,5,3,5,5,5,5,5,1,5,Microsoft teams,2,5,5,5
157,157,Nie,5,2,1,1,3,5,5,3,1,5,1,1,2,2,5,1,2,1,3,2,4,Microsoft teams,2,2,2,5
158,158,Tak,3,3,5,5,4,5,5,5,5,4,5,5,5,5,4,4,5,5,4,2,5,Microsoft teams,1,5,5,5
159,159,Tak,2,5,5,5,4,5,5,2,4,5,5,5,5,5,2,4,5,3,5,2,5,Microsoft teams,1,5,5,5
160,160,Nie,2,4,2,1,2,1,1,5,1,1,1,4,4,5,5,1,4,1,1,2,4,Microsoft teams,2,4,4,4
161,161,Tak,5,3,4,4,4,5,5,1,5,4,5,4,5,2,5,5,4,4,5,2,3,Microsoft teams,2,4,4,5
162,162,Nie ma to dla mnie znaczenia,3,4,5,4,3,5,4,5,3,3,5,5,5,5,5,4,5,3,5,2,4,Microsoft teams,1,5,5,5
163,163,Tak,3,3,5,5,4,3,3,4,5,3,5,5,4,4,4,5,4,2,3,1,5,Microsoft teams,2,4,4,4
164,164,Tak,2,3,4,5,4,4,4,4,5,5,5,5,4,3,5,5,4,4,4,2,5,Microsoft teams,1,5,5,4
165,165,Nie,1,1,4,4,3,5,5,5,1,1,3,2,5,5,5,2,3,2,3,1,4,Microsoft teams,2,5,5,4
166,166,Nie,2,5,2,5,4,5,5,5,1,2,3,1,4,3,5,2,3,4,4,2,1,Inne,1,5,3,5
167,167,Nie,1,3,3,2,2,3,3,3,3,4,2,4,5,5,4,3,4,2,3,2,3,Microsoft teams,1,5,5,4
168,168,Tak,2,3,5,5,4,4,4,4,4,2,4,5,4,4,4,4,5,4,5,1,5,Microsoft teams,2,5,5,4
169,169,Nie,2,3,2,2,3,5,4,5,2,2,1,2,4,4,4,2,2,1,2,2,3,Microsoft teams,2,3,3,4
170,170,Tak,4,1,5,5,3,5,5,5,4,5,4,3,5,5,5,4,4,3,4,2,4,Microsoft teams,2,4,4,4
171,171,Nie ma to dla mnie znaczenia,4,2,4,4,3,5,5,5,3,2,3,3,2,2,5,3,3,3,4,2,4,Microsoft teams,2,4,4,4
172,172,Nie,4,2,4,2,3,2,2,2,1,4,2,4,4,4,5,1,3,2,2,2,3,Microsoft teams,1,3,4,2
173,173,Nie,2,2,5,2,2,3,3,3,2,3,1,4,5,5,5,2,5,2,3,2,3,Microsoft teams,1,4,4,3
174,174,Nie,4,3,5,5,4,2,3,2,1,2,1,4,3,2,2,3,5,1,3,2,3,Microsoft teams,2,3,4,3
175,175,Tak,4,4,4,5,5,5,5,5,5,2,4,4,5,5,4,4,5,5,5,2,5,Microsoft teams,2,4,4,5
176,176,Tak,3,3,4,5,4,5,5,5,3,3,5,5,4,4,5,5,5,4,5,1,3,Microsoft teams,2,5,5,5
177,177,Nie,5,2,4,4,5,5,3,4,1,1,4,1,5,5,4,1,4,1,1,2,3,Microsoft teams,2,3,3,3
178,178,Tak,5,2,4,5,4,5,5,5,5,5,5,5,4,4,5,5,5,5,5,2,5,Microsoft teams,1,4,4,5
179,179,Nie,3,2,2,5,3,4,4,3,2,3,3,3,4,4,5,1,3,2,2,2,3,Microsoft teams,2,4,4,4
180,180,Tak,5,2,5,5,5,5,5,5,5,4,5,5,5,5,5,4,4,4,4,2,4,Microsoft teams,2,5,5,4
181,181,Nie,3,3,4,4,1,1,1,1,1,3,1,3,2,4,5,1,4,1,1,2,1,Microsoft teams,2,2,2,4
182,182,Tak,2,3,5,5,4,5,5,5,5,4,5,5,5,5,5,5,5,5,5,2,5,Microsoft teams,2,5,5,5
183,183,Nie ma to dla mnie znaczenia,3,3,2,5,3,5,5,5,2,3,5,3,1,1,5,3,3,2,4,2,5,Microsoft teams,2,5,5,5
184,184,Nie,1,2,3,3,2,3,3,2,1,1,2,2,3,5,3,1,3,1,2,2,5,Microsoft teams,2,3,2,2
185,185,Nie,4,3,3,5,4,3,5,4,1,3,3,2,3,2,1,1,2,1,3,2,2,Microsoft teams,2,2,5,4
186,186,Tak,3,3,4,5,5,2,2,5,3,3,5,2,4,3,2,3,2,4,5,2,5,Microsoft teams,1,4,4,3
187,187,Tak,4,2,3,5,4,5,5,5,4,3,5,4,5,5,5,4,3,4,5,2,3,Microsoft teams,2,3,3,5
188,188,Nie ma to dla mnie znaczenia,3,2,2,2,3,5,5,5,2,3,4,3,2,2,3,3,3,2,4,2,3,Microsoft teams,2,4,4,3
189,189,Tak,2,2,4,5,3,2,3,2,3,4,4,2,2,4,3,3,2,3,3,2,3,Microsoft teams,2,4,4,3
190,190,Nie ma to dla mnie znaczenia,3,2,3,5,4,5,5,5,2,2,3,2,1,1,5,2,3,2,3,1,3,Microsoft teams,2,4,4,3
191,191,Nie,4,2,2,1,2,4,3,3,1,5,5,1,3,3,4,1,1,1,3,2,4,Microsoft teams,2,3,3,3
192,192,Nie,2,4,4,3,3,5,5,5,2,2,2,3,4,4,5,4,5,2,3,2,5,Microsoft teams,2,4,4,4
193,193,Nie,1,2,4,1,2,3,4,3,1,1,3,4,3,3,5,2,4,1,3,2,4,Microsoft teams,2,5,5,5
194,194,Nie,1,1,1,2,1,2,2,2,1,1,1,1,1,1,1,1,2,1,2,2,1,Microsoft teams,2,2,2,5
195,195,Nie,5,1,2,1,5,3,2,3,1,2,2,1,3,3,4,2,3,1,4,2,2,Microsoft teams,2,3,3,2
196,196,Tak,5,2,5,5,5,5,5,5,5,5,5,5,4,4,4,4,4,4,5,1,5,Microsoft teams,1,5,5,5
197,197,Nie,1,1,3,4,1,2,3,1,3,1,5,4,5,4,3,3,4,3,4,2,4,Microsoft teams,1,3,3,4
198,198,Nie,4,2,4,4,4,4,4,4,3,2,3,4,3,3,4,3,5,2,3,2,4,Microsoft teams,2,4,3,4
199,199,Tak,3,2,5,3,5,4,4,3,3,2,5,3,4,4,5,3,3,3,5,1,5,Microsoft teams,2,4,4,3
200,200,Nie ma to dla mnie znaczenia,3,4,3,4,2,3,4,3,3,4,3,3,3,3,5,3,4,3,3,2,4,Microsoft teams,1,4,4,5
201,201,Tak,5,2,4,5,3,5,5,5,4,5,5,5,3,3,5,4,5,5,5,2,5,Microsoft teams,2,5,5,5
202,202,Tak,3,2,3,4,3,2,5,2,4,3,5,3,5,5,4,4,2,3,4,1,4,Microsoft teams,1,2,4,2
203,203,Nie,2,2,2,3,3,4,4,3,2,1,3,2,5,5,5,2,2,2,4,2,4,Microsoft teams,1,4,4,4
204,204,Nie ma to dla mnie znaczenia,4,3,4,4,4,5,5,5,4,4,4,4,3,3,5,4,4,3,4,2,4,Microsoft teams,2,4,4,5
205,205,Tak,3,3,4,5,4,4,4,4,4,3,5,4,5,5,5,4,2,4,3,2,5,Microsoft teams,2,4,3,4
206,206,Tak,2,1,2,5,2,2,3,3,2,2,2,2,5,5,4,2,1,2,3,2,3,Microsoft teams,1,3,2,3
207,207,Nie,2,2,5,5,3,5,5,1,3,2,3,5,3,2,5,4,4,3,4,2,4,Microsoft teams,2,5,5,5
208,208,Nie,2,2,2,5,5,5,5,5,2,1,2,1,5,5,1,1,2,1,4,2,5,Microsoft teams,2,3,3,5
209,209,Nie ma to dla mnie znaczenia,4,5,4,3,3,5,5,5,3,5,3,4,4,2,3,4,4,3,5,2,4,Microsoft teams,1,4,4,5
210,210,Tak,2,5,4,5,5,5,3,1,4,2,5,4,3,1,4,4,3,4,5,2,4,Microsoft teams,2,4,5,5
211,211,Tak,1,1,4,5,1,4,4,4,3,2,3,5,4,4,4,3,4,4,4,2,4,Microsoft teams,1,3,3,3
212,212,Nie,1,2,5,1,1,1,3,4,2,1,5,1,4,4,4,1,5,2,5,1,5,Microsoft teams,2,4,4,1
213,213,Nie ma to dla mnie znaczenia,2,3,3,3,3,5,5,5,2,2,2,3,3,3,4,2,3,2,5,1,4,Microsoft teams,2,4,4,5
214,214,Tak,2,2,5,4,3,5,5,5,3,3,3,4,3,2,5,3,4,2,4,1,5,Microsoft teams,2,5,4,4
215,215,Tak,3,2,5,5,5,5,5,5,5,3,5,5,5,3,5,5,5,5,5,2,5,Microsoft teams,1,5,5,5
216,216,Nie,1,3,3,3,1,4,4,4,2,1,1,1,5,5,5,3,3,1,4,1,4,Microsoft teams,2,4,1,2
217,217,Tak,4,4,4,5,5,5,4,3,4,5,5,3,2,1,5,2,5,3,5,2,5,Microsoft teams,2,3,3,4
218,218,Nie,1,2,1,1,1,1,2,1,1,1,1,1,1,1,1,1,1,1,1,2,1,Microsoft teams,2,1,1,1
219,219,Tak,5,3,5,5,5,5,5,5,5,5,5,5,5,5,5,5,5,5,5,1,5,Microsoft teams,2,4,5,5
220,220,Nie,5,1,2,3,2,5,5,5,1,5,3,1,5,3,3,2,4,1,5,1,3,Microsoft teams,2,3,3,3
221,221,Nie,5,1,4,5,4,5,5,5,4,5,5,4,5,2,5,4,5,4,5,2,4,Microsoft teams,2,4,4,4
222,222,Tak,4,2,5,5,5,5,5,5,5,2,5,5,5,5,5,5,5,5,5,2,5,Microsoft teams,2,5,5,5
223,223,Tak,4,3,4,4,3,3,3,3,3,5,3,4,3,3,5,3,4,3,4,2,4,Microsoft teams,2,5,5,4
224,224,Tak,4,1,5,5,5,5,5,5,5,4,5,5,4,3,1,5,5,5,5,2,4,Microsoft teams,1,5,5,5
225,225,Nie,5,2,3,3,1,3,4,3,1,1,3,4,2,3,5,1,2,1,2,2,4,Microsoft teams,2,4,4,4
226,226,Tak,4,3,4,5,4,5,5,5,4,5,5,5,4,4,5,4,4,3,5,2,4,Microsoft teams,2,5,5,4
227,227,Nie ma to dla mnie znaczenia,3,3,4,4,5,5,5,5,4,3,5,5,3,3,4,3,3,3,5,2,3,Microsoft teams,2,4,4,4
228,228,Nie,4,3,2,5,2,5,5,5,2,3,3,2,4,5,2,1,3,2,3,2,4,Microsoft teams,2,3,3,4
229,229,Nie ma to dla mnie znaczenia,1,2,4,3,3,4,2,4,2,1,4,3,4,2,3,2,4,3,4,2,4,Microsoft teams,2,4,4,5
230,230,Nie,1,4,2,2,1,4,4,2,1,1,2,1,5,4,3,1,1,1,3,2,3,Microsoft teams,2,3,3,3
231,231,Tak,5,2,5,5,5,5,5,4,4,5,4,5,4,4,5,4,5,4,5,2,5,Microsoft teams,2,5,5,5
232,232,Nie,5,5,3,5,1,2,3,5,1,5,5,2,2,4,3,2,2,1,2,2,4,Microsoft teams,1,2,2,2
233,233,Nie,2,4,2,5,2,4,4,4,1,2,3,3,3,3,5,1,2,1,3,2,4,Microsoft teams,2,4,4,3
234,234,Nie,5,2,3,3,2,4,4,4,2,5,4,4,1,1,5,4,3,2,3,2,5,Microsoft teams,2,5,4,5
235,235,Nie,1,1,1,5,4,5,5,3,1,1,3,1,1,2,3,1,1,1,1,2,2,Microsoft teams,2,2,4,3
236,236,Nie,1,2,1,1,5,1,1,1,1,1,3,1,3,5,5,1,1,1,2,2,1,Microsoft teams,2,3,3,3
237,237,Nie ma to dla mnie znaczenia,3,2,4,5,5,5,5,4,4,3,4,4,3,2,3,5,4,5,5,2,5,Microsoft teams,1,4,1,4
238,238,Tak,2,2,4,5,5,5,5,2,5,4,5,4,5,4,4,4,5,3,5,2,5,Microsoft teams,1,5,5,5
239,239,Nie,5,2,1,1,3,5,5,3,1,5,1,1,2,2,5,1,2,1,3,2,4,Microsoft teams,2,2,2,5
240,240,Nie ma to dla mnie znaczenia,2,2,3,3,3,3,3,2,3,3,3,3,5,4,4,5,2,4,4,2,3,Microsoft teams,2,4,4,4
241,241,Tak,3,1,3,4,4,4,4,4,4,3,4,3,3,3,2,3,4,3,4,2,4,Microsoft teams,2,4,4,3
242,242,Tak,1,1,3,5,5,5,5,5,4,1,4,3,5,2,3,4,3,4,5,1,4,Microsoft teams,2,3,3,4
243,243,Tak,3,2,3,2,3,4,5,4,2,3,3,4,2,4,4,4,3,2,4,2,4,Microsoft teams,2,4,5,5
244,244,Nie ma to dla mnie znaczenia,4,2,4,1,4,4,4,4,4,4,2,4,4,4,5,4,3,3,4,2,4,Microsoft teams,1,4,4,4
245,245,Nie,4,3,2,3,4,2,3,3,2,3,2,4,3,4,4,4,3,1,3,2,4,Discord,2,4,4,4
246,246,Nie ma to dla mnie znaczenia,3,3,5,5,5,5,5,5,5,5,4,4,4,4,4,4,4,4,4,2,5,Microsoft teams,2,5,5,5
247,247,Nie ma to dla mnie znaczenia,2,3,3,5,3,4,4,4,1,2,2,2,5,2,5,1,4,2,3,2,3,Microsoft teams,2,3,3,4
248,248,Nie,4,3,1,1,5,4,1,5,1,3,1,1,1,1,5,1,1,1,3,2,3,Microsoft teams,2,5,5,5
249,249,Tak,2,3,4,4,4,4,4,4,4,4,4,4,4,4,4,4,4,4,4,2,4,Microsoft teams,2,4,4,4
250,250,Nie ma to dla mnie znaczenia,3,5,5,5,5,2,3,2,3,5,4,1,3,3,3,3,5,5,5,2,3,Microsoft teams,2,5,5,5
251,251,Tak,1,3,3,4,1,3,2,2,2,1,5,1,1,2,3,3,2,4,2,2,5,Microsoft teams,2,3,4,4
252,252,Tak,2,2,4,4,5,4,5,5,4,2,5,4,5,1,5,3,4,2,4,1,3,Discord,2,5,5,5
253,253,Nie,1,4,2,2,2,4,4,4,2,1,5,2,3,1,3,1,1,1,5,2,2,Microsoft teams,2,3,3,3
254,254,Tak,2,2,4,3,2,3,3,3,3,3,4,4,3,2,4,3,4,3,3,2,4,Microsoft teams,1,4,4,3
255,255,Nie,1,3,2,5,2,4,4,5,1,2,3,2,4,3,4,1,2,1,3,2,3,Microsoft teams,2,4,3,2
256,256,Tak,4,2,3,4,3,4,4,3,4,4,4,3,2,2,5,3,3,3,4,2,5,Discord,2,3,3,4
257,257,Tak,5,3,5,5,5,5,5,5,5,5,5,5,4,3,5,5,5,5,5,2,5,Microsoft teams,1,5,5,5
258,258,Tak,2,4,5,5,4,4,4,4,3,2,5,5,4,4,5,5,5,4,5,1,5,Microsoft teams,2,5,5,5
259,259,Tak,5,4,5,5,2,5,5,5,4,5,5,5,5,5,5,4,5,3,4,2,5,Microsoft teams,2,5,5,5
260,260,Tak,4,2,5,5,4,5,5,5,4,5,5,5,5,5,5,4,5,4,5,2,5,Microsoft teams,2,5,5,5
261,261,Tak,4,2,5,5,4,5,5,5,4,5,5,5,5,5,5,4,5,4,5,2,5,Microsoft teams,2,5,5,5
262,262,Tak,4,2,4,5,5,5,5,5,3,5,5,5,1,2,5,4,4,3,5,2,5,Microsoft teams,2,4,4,4
263,263,Nie ma to dla mnie znaczenia,3,1,2,4,4,4,3,4,2,3,5,2,5,5,3,2,2,2,3,2,3,Microsoft teams,2,4,4,5
264,264,Nie,5,2,3,2,5,4,3,4,2,5,5,2,3,3,3,3,4,1,4,2,4,Microsoft teams,2,3,3,4
265,265,Nie,3,2,5,2,3,5,5,5,1,2,2,3,3,3,4,2,4,2,3,2,4,Microsoft teams,2,4,4,4
266,266,Tak,2,3,4,5,4,5,5,2,4,4,5,4,5,1,5,5,2,4,4,2,4,Microsoft teams,1,4,4,5
267,267,Tak,5,2,5,5,5,5,5,5,5,5,5,5,4,4,5,5,5,5,5,2,5,Microsoft teams,2,5,5,5
268,268,Tak,2,2,5,3,4,4,5,3,5,4,4,5,2,3,1,3,5,4,3,2,3,Microsoft teams,1,5,5,1
269,269,Nie,5,3,3,2,3,5,5,4,3,2,2,2,5,4,4,3,2,1,3,2,3,Microsoft teams,2,3,3,4
270,270,Nie,3,3,3,1,1,1,1,1,1,2,5,1,1,2,3,1,2,1,2,2,3,Microsoft teams,1,4,4,5
271,271,Tak,5,3,5,5,4,5,5,5,3,5,5,4,5,5,5,4,4,3,5,2,5,Microsoft teams,2,5,5,5
272,272,Nie ma to dla mnie znaczenia,3,3,3,3,4,3,2,4,2,3,2,4,2,1,4,2,3,2,4,2,5,Microsoft teams,2,4,4,4
273,273,Nie,1,2,4,3,2,3,3,2,1,2,3,4,3,3,3,1,5,1,1,2,3,Microsoft teams,2,2,4,3
274,274,Tak,5,3,5,5,5,4,5,4,5,5,5,5,2,3,5,5,5,5,5,2,5,Microsoft teams,1,5,5,5
275,275,Tak,5,1,5,5,5,5,5,5,5,5,5,5,5,5,5,5,5,5,5,1,5,Microsoft teams,2,5,5,5
276,276,Nie ma to dla mnie znaczenia,4,2,5,4,3,5,5,5,3,4,3,3,4,4,5,4,5,3,5,2,4,Microsoft teams,1,5,5,5
277,277,Nie,1,2,4,4,5,5,4,5,3,1,3,2,2,1,1,3,3,3,3,2,1,Microsoft teams,2,3,3,2
278,278,Nie ma to dla mnie znaczenia,4,2,4,5,3,5,5,5,3,5,4,3,5,5,5,4,4,2,5,2,2,Microsoft teams,2,3,3,3
279,279,Nie,4,5,2,2,2,2,2,2,2,2,2,2,2,2,2,2,2,2,2,2,5,Discord,2,3,2,5
280,280,Nie,2,2,4,2,2,3,3,3,2,2,2,3,4,5,5,3,4,2,3,2,3,Microsoft teams,1,5,5,4
281,281,Nie ma to dla mnie znaczenia,3,2,3,3,3,3,3,3,3,3,3,3,4,1,5,3,3,3,3,2,3,Microsoft teams,2,3,3,3
282,282,Nie ma to dla mnie znaczenia,1,2,4,5,3,4,2,4,2,1,5,3,1,2,5,4,2,2,4,2,4,Microsoft teams,2,4,3,3
283,283,Nie ma to dla mnie znaczenia,3,4,4,5,3,5,5,5,2,3,3,4,4,4,5,3,4,2,4,2,4,Microsoft teams,1,4,4,5
284,284,Nie ma to dla mnie znaczenia,3,2,4,5,5,4,4,4,4,2,4,4,3,3,3,4,4,4,4,2,5,Microsoft teams,1,5,5,5
285,285,Nie,5,1,3,1,2,4,3,3,1,1,2,1,3,3,5,2,4,2,4,1,3,Microsoft teams,1,5,5,4
286,286,Tak,4,5,3,5,4,5,5,5,4,4,5,4,5,5,5,4,4,3,5,2,5,Microsoft teams,2,4,3,4
287,287,Tak,5,2,5,5,5,5,5,4,5,5,5,5,5,5,5,5,5,5,5,2,5,Microsoft teams,2,5,5,5
288,288,Nie,5,4,4,4,5,4,5,1,1,1,2,4,1,1,5,3,5,3,4,2,4,Microsoft teams,1,3,3,5
289,289,Nie ma to dla mnie znaczenia,5,2,3,4,2,2,4,4,3,5,3,3,2,4,2,3,3,2,2,2,3,Microsoft teams,2,3,3,4
290,290,Tak,4,2,4,4,3,5,5,4,4,5,4,4,3,4,4,4,4,4,4,2,4,Microsoft teams,2,4,4,4
291,291,Tak,4,2,5,4,4,5,5,4,4,4,3,4,4,4,4,4,5,4,4,2,4,Microsoft teams,1,3,4,5
292,292,Nie,5,5,3,5,1,5,5,5,1,5,1,3,3,3,5,2,2,1,5,1,3,Microsoft teams,1,3,3,2
293,293,Nie ma to dla mnie znaczenia,4,3,4,4,5,2,5,5,4,4,4,4,3,3,5,4,4,4,5,2,4,Microsoft teams,2,4,4,4
294,294,Tak,3,4,5,5,5,5,5,5,5,4,3,4,5,5,4,5,4,4,5,1,5,Microsoft teams,1,5,5,4
295,295,Nie,5,1,4,5,4,5,5,5,4,5,5,4,5,2,5,4,5,4,5,2,4,Microsoft teams,2,4,4,4
296,296,Nie ma to dla mnie znaczenia,3,4,4,4,3,3,4,4,4,3,3,2,3,2,2,3,3,3,3,2,3,Microsoft teams,1,3,4,3
297,297,Nie,3,2,2,3,2,2,2,3,2,1,2,2,2,2,2,2,2,2,3,2,4,Microsoft teams,2,5,5,5
298,298,Tak,2,2,2,2,4,1,1,4,2,3,3,2,4,4,1,1,2,2,2,2,5,Microsoft teams,2,1,1,1
299,299,Nie,1,3,3,1,1,1,4,2,1,1,3,2,3,5,5,2,3,1,1,2,3,Microsoft teams,2,5,5,5
300,300,Nie,1,3,1,1,4,2,1,3,1,1,1,2,1,1,5,1,3,1,2,2,2,Discord,2,4,2,3
301,301,Nie ma to dla mnie znaczenia,3,2,5,5,2,4,4,5,3,3,5,4,2,1,1,3,3,2,3,2,5,Microsoft teams,2,5,5,5
302,302,Nie,1,2,4,5,2,4,4,5,1,1,2,3,3,1,1,2,3,1,3,2,5,Microsoft teams,2,4,5,5
303,303,Tak,5,2,5,5,5,5,4,4,5,3,5,5,4,4,2,5,5,3,5,1,5,Microsoft teams,2,5,5,5
304,304,Nie,1,3,5,5,5,5,5,5,4,2,5,4,3,3,5,3,5,4,5,2,4,Microsoft teams,2,3,3,5
305,305,Tak,5,3,5,5,3,4,4,5,5,5,5,5,5,4,5,4,4,4,4,2,5,Microsoft teams,1,5,5,5
306,306,Tak,5,1,3,5,1,2,1,1,1,5,3,4,5,5,2,1,5,1,2,2,5,Microsoft teams,2,5,5,3
307,307,Nie,1,2,2,3,2,2,2,2,1,1,1,1,2,3,4,2,3,1,2,2,3,Microsoft teams,2,3,4,2
308,308,Tak,3,2,5,5,5,5,5,5,5,3,5,5,5,3,5,5,5,5,5,2,5,Microsoft teams,1,5,5,5
309,309,Tak,4,3,5,5,4,5,4,5,5,4,5,5,4,4,3,5,5,5,5,2,5,Microsoft teams,1,5,5,5
310,310,Nie,2,2,5,1,5,5,5,5,5,5,5,3,5,3,3,3,3,3,3,1,3,Microsoft teams,1,3,3,3
311,311,Nie ma to dla mnie znaczenia,3,4,4,5,3,4,3,4,2,3,3,2,4,4,5,3,4,3,5,2,5,Microsoft teams,2,5,5,5
312,312,Nie ma to dla mnie znaczenia,4,3,4,3,2,5,5,4,2,2,3,4,3,2,3,3,3,3,3,2,4,Microsoft teams,2,4,4,3
313,313,Nie ma to dla mnie znaczenia,5,4,3,2,2,4,3,4,2,3,3,2,4,3,3,2,3,2,3,2,4,Microsoft teams,2,3,3,3
314,314,Tak,5,3,5,5,5,5,5,5,5,5,5,5,3,1,5,5,5,3,5,2,5,Microsoft teams,1,4,5,5
315,315,Tak,5,1,5,5,5,3,3,2,5,4,2,5,5,5,5,5,5,2,5,1,5,Microsoft teams,2,5,5,5
316,316,Tak,4,3,4,5,5,5,5,5,5,5,5,5,3,3,5,5,5,5,5,2,5,Microsoft teams,1,5,5,5
317,317,Tak,5,2,5,5,4,5,5,5,4,5,5,4,4,2,5,5,3,4,5,2,5,Microsoft teams,1,5,5,5
318,318,Tak,3,3,4,5,4,5,4,5,5,3,5,4,5,5,5,4,4,4,4,2,4,Microsoft teams,2,3,3,5
319,319,Tak,5,5,5,5,5,5,5,5,5,5,5,5,5,5,5,5,5,5,5,2,5,Microsoft teams,1,5,5,5
320,320,Nie,1,1,3,2,5,5,1,4,2,1,2,3,3,5,4,4,3,1,4,2,1,Microsoft teams,2,4,4,5
321,321,Nie,1,2,3,3,2,4,4,5,4,2,4,4,4,4,4,3,5,2,4,2,4,Microsoft teams,1,5,5,5
322,322,Tak,5,2,5,5,5,5,5,5,5,5,5,5,5,5,5,5,5,5,5,2,5,Microsoft teams,1,5,5,5
323,323,Nie,2,2,3,3,2,2,3,3,2,2,2,3,3,3,5,2,3,2,3,2,3,Microsoft teams,2,3,3,3
324,324,Tak,4,4,4,3,4,3,5,5,3,4,3,2,3,1,5,3,3,3,4,2,4,Microsoft teams,2,2,2,2
325,325,Tak,5,3,5,3,5,5,3,5,5,5,3,3,3,4,4,5,3,2,5,2,5,Microsoft teams,1,4,5,4
326,326,Tak,5,5,5,5,5,5,5,5,5,4,5,5,3,3,5,5,5,5,5,2,5,Microsoft teams,2,5,5,5
327,327,Tak,3,2,3,4,5,2,5,5,4,4,3,5,2,2,5,4,4,3,5,2,4,Microsoft teams,2,5,5,5
328,328,Nie ma to dla mnie znaczenia,4,2,3,3,2,2,2,2,2,4,4,3,3,3,4,2,3,1,2,2,5,Microsoft teams,2,3,3,4
329,329,Nie ma to dla mnie znaczenia,4,2,5,5,3,5,3,4,3,4,4,4,2,3,3,4,5,4,4,2,4,Microsoft teams,1,5,5,4
330,330,Nie,1,1,2,4,5,2,2,2,2,1,1,2,4,1,2,3,1,2,2,2,3,Discord,2,5,4,4
331,331,Nie,1,1,3,5,5,1,3,2,1,1,2,1,5,5,4,1,3,1,1,2,1,Microsoft teams,2,3,3,2
332,332,Nie ma to dla mnie znaczenia,1,1,2,1,2,5,4,5,2,1,1,3,4,4,5,2,3,1,5,1,5,Microsoft teams,1,2,4,2
333,333,Nie,1,1,3,4,1,1,2,3,1,1,2,1,2,5,3,1,4,1,1,2,3,Microsoft teams,2,4,4,1
334,334,Nie,5,2,4,3,4,5,4,5,4,4,4,3,5,5,5,3,3,3,3,1,4,Microsoft teams,1,4,4,4
335,335,Tak,3,1,3,5,5,5,4,5,5,4,5,5,4,3,5,5,4,4,5,2,4,Microsoft teams,2,5,5,5
336,336,Nie,2,1,2,1,3,2,1,2,1,1,2,2,3,4,3,2,3,3,1,2,3,Microsoft teams,2,5,5,4
337,337,Nie,1,5,2,4,1,2,2,2,1,1,2,2,1,1,5,1,2,1,2,2,2,Microsoft teams,2,3,3,3
338,338,Nie,5,2,2,3,5,5,3,4,2,5,3,2,5,5,3,2,2,2,2,2,4,Microsoft teams,2,4,4,3
339,339,Tak,5,1,2,3,1,2,1,2,1,1,3,2,4,4,3,2,1,1,3,2,3,Microsoft teams,2,2,2,2
340,340,Nie,1,2,5,3,5,5,5,5,3,1,3,3,5,5,5,3,4,3,4,2,4,Microsoft teams,1,4,4,5
341,341,Tak,4,3,4,4,5,4,3,3,4,4,3,3,4,4,2,5,4,4,4,2,4,Microsoft teams,2,5,5,4
342,342,Tak,4,3,4,5,3,3,3,3,3,5,5,4,4,4,3,3,3,3,3,2,4,Microsoft teams,2,4,4,5
343,343,Nie,5,5,2,3,3,4,2,2,2,4,2,1,4,2,5,2,3,2,1,2,4,Microsoft teams,1,4,4,2
344,344,Nie,1,2,1,3,1,2,3,3,1,1,1,2,4,4,3,1,2,1,2,2,2,Microsoft teams,2,2,2,3
345,345,Nie,1,5,1,1,1,1,1,5,1,3,1,1,1,1,1,1,1,1,2,2,1,Microsoft teams,2,2,1,2
346,346,Tak,4,3,5,5,5,5,4,4,5,4,5,5,4,2,5,5,5,5,5,2,5,Microsoft teams,2,4,5,2
347,347,Nie,4,4,5,5,4,2,2,2,2,4,5,3,1,1,5,2,2,2,3,2,2,Microsoft teams,1,3,3,4
348,348,Nie ma to dla mnie znaczenia,1,3,5,4,5,5,4,5,5,1,5,5,4,2,3,5,4,4,4,2,5,Microsoft teams,2,4,4,5
349,349,Tak,4,2,3,3,3,3,3,3,3,3,3,3,3,3,3,3,3,3,3,2,5,Microsoft teams,2,3,3,3
350,350,Nie,3,3,3,2,1,2,2,2,1,3,3,2,3,4,3,2,3,2,2,2,2,Microsoft teams,2,2,2,3
351,351,Nie ma to dla mnie znaczenia,2,2,4,4,4,4,4,4,4,4,4,5,4,3,3,3,4,3,4,2,4,Microsoft teams,2,4,4,5
352,352,Tak,5,2,5,5,5,5,5,5,5,5,5,5,5,5,5,5,5,5,5,1,5,Microsoft teams,1,5,5,5
353,353,Nie,1,2,2,1,3,5,5,5,1,1,1,1,5,5,4,1,2,1,3,2,1,Microsoft teams,2,3,3,3
354,354,Nie ma to dla mnie znaczenia,5,5,5,3,3,4,5,5,3,3,4,4,4,4,5,3,3,2,5,2,5,Microsoft teams,1,4,4,4
355,355,Nie,2,2,2,4,3,4,5,2,2,3,3,2,3,3,3,1,2,2,4,2,3,Microsoft teams,2,3,3,3
356,356,Nie,1,2,2,2,1,3,2,3,1,1,1,2,3,3,3,1,3,2,2,2,3,Microsoft teams,2,5,5,3
357,357,Tak,5,2,5,5,5,5,5,5,5,5,5,5,3,3,5,4,4,4,5,2,4,Microsoft teams,1,3,4,5
358,358,Tak,4,3,4,4,4,4,4,4,3,2,4,4,4,5,5,4,3,3,5,2,4,Microsoft teams,2,5,5,5
359,359,Tak,5,3,4,4,4,5,5,4,4,4,4,5,4,3,4,5,4,3,4,2,5,Microsoft teams,2,5,5,5
360,360,Nie,2,1,4,5,2,5,4,5,1,1,1,3,5,4,5,2,4,2,5,2,2,Microsoft teams,2,5,4,4
361,361,Nie,1,2,3,2,1,4,4,5,1,2,4,2,4,3,4,1,2,1,3,2,3,Microsoft teams,1,2,2,3
362,362,Tak,4,3,4,5,4,5,5,5,5,4,5,4,5,2,4,5,5,4,5,2,5,Microsoft teams,2,4,4,5
363,363,Tak,2,3,5,5,3,5,4,3,4,4,5,5,4,4,4,3,3,3,4,2,5,Microsoft teams,2,4,4,4
364,364,Nie,1,2,5,5,3,3,3,3,3,2,3,3,3,3,3,4,5,3,4,2,3,Microsoft teams,1,3,4,2
365,365,Tak,4,3,5,4,5,4,4,5,5,4,5,5,3,3,3,4,4,4,5,2,5,Microsoft teams,1,5,5,5
366,366,Nie,1,5,1,2,1,2,2,5,1,4,2,1,4,4,3,1,1,1,1,2,4,Microsoft teams,2,3,3,4
367,367,Nie,1,2,2,4,1,1,5,1,1,1,4,4,1,1,5,1,5,2,1,2,1,Microsoft teams,1,2,2,3
368,368,Nie ma to dla mnie znaczenia,5,2,3,2,1,4,4,4,2,4,2,2,2,2,4,2,2,2,4,2,4,Microsoft teams,2,4,4,4
369,369,Nie ma to dla mnie znaczenia,2,2,4,5,4,5,5,2,4,5,5,4,4,3,1,4,4,4,4,2,4,Microsoft teams,2,5,4,5
370,370,Tak,5,5,4,5,5,5,5,5,5,5,4,5,4,2,3,4,5,4,5,1,4,Microsoft teams,1,4,4,4
371,371,Tak,4,2,4,5,2,4,5,4,3,4,4,5,3,3,4,4,4,4,4,2,4,Microsoft teams,2,4,4,4
372,372,Nie ma to dla mnie znaczenia,1,2,3,1,2,3,3,2,1,1,1,2,5,5,2,2,1,2,2,2,3,Microsoft teams,1,2,2,2
373,373,Nie,5,3,3,2,1,2,4,2,1,2,5,2,5,5,4,1,4,1,2,2,3,Microsoft teams,1,4,4,5
374,374,Nie,4,3,3,4,3,3,5,4,2,3,3,2,3,3,5,2,3,3,4,2,3,Microsoft teams,2,4,3,3
375,375,Tak,4,5,5,5,5,5,5,5,5,4,5,5,5,4,5,4,5,5,5,2,5,Microsoft teams,1,5,5,5
376,376,Nie,4,3,3,5,2,2,3,3,1,4,2,3,3,3,2,2,3,1,1,2,3,Microsoft teams,2,3,3,3
377,377,Tak,5,2,5,5,5,5,5,5,5,5,5,5,5,5,5,5,5,5,5,1,5,Microsoft teams,2,3,3,3
378,378,Nie,3,2,3,2,2,2,3,2,1,1,3,2,1,1,3,2,2,2,2,2,4,Microsoft teams,2,4,4,4
379,379,Nie,1,1,1,1,1,1,1,1,1,1,1,1,1,1,5,1,1,1,1,2,3,Microsoft teams,1,1,1,1
380,380,Tak,5,3,5,5,4,5,5,5,5,5,5,5,4,3,5,5,5,4,5,2,5,Microsoft teams,1,5,5,5
381,381,Tak,5,5,4,5,5,5,5,5,5,5,5,5,5,5,5,5,5,5,5,1,5,Microsoft teams,1,5,5,5
382,382,Nie,4,2,4,2,4,5,5,5,3,3,2,4,1,1,3,4,3,3,3,2,3,Microsoft teams,1,4,4,5
383,383,Nie ma to dla mnie znaczenia,5,2,3,5,5,5,5,1,3,5,5,2,5,3,5,1,4,1,5,2,5,Microsoft teams,2,4,3,5
384,384,Tak,4,2,4,3,4,3,4,3,4,4,4,4,3,3,3,4,4,3,4,2,4,Microsoft teams,2,3,3,3
385,385,Tak,4,3,4,5,4,5,5,5,4,5,5,5,4,4,5,4,4,3,5,2,4,Microsoft teams,2,5,5,4
386,386,Tak,3,3,5,5,2,5,5,5,3,4,5,4,5,5,5,3,5,1,4,2,4,Microsoft teams,2,5,5,5
387,387,Tak,4,3,5,5,4,4,4,4,4,5,4,4,3,3,3,4,2,3,4,2,4,Microsoft teams,2,5,5,5
388,388,Nie ma to dla mnie znaczenia,4,3,3,4,5,5,4,4,4,5,5,4,3,2,3,4,2,3,5,2,5,Microsoft teams,2,4,3,3
389,389,Tak,5,3,5,5,4,5,4,5,4,5,5,5,4,4,5,4,5,4,4,2,5,Microsoft teams,1,5,5,5
390,390,Nie,5,2,2,4,1,1,1,1,1,1,1,2,5,5,4,1,2,1,1,2,5,Microsoft teams,2,3,4,5
391,391,Nie,1,2,3,3,3,4,4,2,2,4,3,3,4,3,4,4,4,2,4,2,3,Microsoft teams,2,4,4,4
392,392,Nie ma to dla mnie znaczenia,2,2,4,5,5,4,4,4,5,3,5,5,3,3,5,4,4,5,4,2,5,Microsoft teams,1,5,5,5
393,393,Tak,4,1,5,3,3,5,5,5,2,5,2,2,5,5,3,3,2,2,5,2,5,Microsoft teams,2,3,4,4
394,394,Tak,4,4,5,5,5,5,4,4,5,4,4,4,5,5,4,5,4,5,5,1,4,Microsoft teams,2,5,5,5
395,395,Nie,2,1,3,3,3,4,4,4,1,3,1,1,5,5,3,3,2,1,3,2,1,Microsoft teams,2,4,4,4
396,396,Tak,4,5,4,4,5,5,5,5,4,3,5,4,5,2,4,5,5,4,5,2,5,Microsoft teams,2,4,4,5
397,397,Nie,5,1,4,5,2,4,4,4,4,4,5,4,4,4,4,3,3,2,4,2,4,Microsoft teams,2,2,4,4
398,398,Nie,3,2,3,3,3,3,3,3,3,3,3,3,3,3,3,3,3,3,3,2,5,Microsoft teams,2,3,3,3
399,399,Nie,1,2,3,5,4,5,5,5,2,2,3,2,4,4,5,2,4,1,4,2,3,Microsoft teams,2,4,4,5
400,400,Nie,4,2,1,2,1,2,2,2,2,4,2,1,5,5,4,2,2,1,2,1,3,Microsoft teams,2,4,4,4
401,401,Nie,1,2,3,2,3,2,3,2,2,2,4,3,3,4,4,3,3,2,3,2,4,Microsoft teams,2,4,4,3
402,402,Nie,1,3,4,3,4,5,2,5,3,4,3,3,3,3,3,4,3,3,4,2,4,Microsoft teams,2,3,3,4
403,403,Nie,1,4,2,5,4,3,4,3,2,2,1,1,4,3,4,1,1,1,3,2,1,Microsoft teams,1,3,1,5
404,404,Nie ma to dla mnie znaczenia,5,3,5,5,5,3,4,3,3,5,2,4,4,4,5,3,5,1,3,2,5,Microsoft teams,2,5,5,5
405,405,Tak,4,2,4,5,5,5,5,5,5,5,5,5,5,5,5,5,5,5,5,2,5,Microsoft teams,1,5,5,5
406,406,Nie,1,2,5,4,3,4,4,5,1,2,2,3,3,3,5,2,5,1,4,2,4,Microsoft teams,2,5,5,4
407,407,Nie ma to dla mnie znaczenia,5,2,2,4,1,4,4,4,3,3,3,3,4,1,4,3,5,3,4,2,4,Microsoft teams,2,5,4,5
408,408,Nie,1,1,3,3,1,1,1,1,1,1,1,2,2,3,3,1,2,1,2,2,3,Microsoft teams,2,5,5,5
409,409,Tak,4,3,4,3,2,2,2,4,4,4,4,4,2,4,5,3,4,2,4,2,4,Microsoft teams,2,4,4,5
410,410,Nie ma to dla mnie znaczenia,5,3,3,5,2,4,5,4,2,5,3,3,4,5,4,1,1,1,5,2,5,Microsoft teams,2,4,4,3
411,411,Nie ma to dla mnie znaczenia,2,1,3,3,2,5,5,5,2,2,3,4,5,1,4,2,3,2,3,2,3,Microsoft teams,2,4,4,5
412,412,Nie,1,1,4,3,5,5,5,5,1,1,4,1,5,4,1,2,3,3,4,2,2,Microsoft teams,2,3,3,4
413,413,Nie,1,2,2,4,1,1,1,1,1,1,3,2,1,2,2,1,3,1,2,2,1,Microsoft teams,2,3,3,3
414,414,Nie,1,2,2,2,3,2,3,3,1,2,2,2,4,4,5,2,3,2,4,2,3,Microsoft teams,1,4,4,3
415,415,Nie,4,1,3,3,1,5,5,4,2,2,1,2,4,4,2,2,3,1,4,2,3,Microsoft teams,2,5,5,4
416,416,Nie,1,1,3,2,1,3,5,4,1,3,1,4,5,3,5,5,2,1,4,2,2,Microsoft teams,2,5,3,3
417,417,Tak,4,2,5,5,4,5,5,5,5,4,5,4,4,1,4,4,4,4,5,1,3,Microsoft teams,2,5,5,5
418,418,Nie,5,4,1,1,2,1,2,2,1,1,1,1,1,1,3,1,1,1,2,2,1,Microsoft teams,1,4,4,5
419,419,Tak,5,2,5,5,5,5,5,5,5,5,5,5,5,5,5,5,5,5,5,1,5,Microsoft teams,1,5,5,5
420,420,Tak,4,2,5,5,5,5,5,5,5,5,5,5,5,4,5,5,5,5,5,2,5,Microsoft teams,1,5,5,5
421,421,Nie,1,2,3,3,5,3,3,3,3,2,2,2,4,4,5,3,2,2,3,2,2,Microsoft teams,2,4,4,4
422,422,Nie,1,3,3,2,5,3,5,5,1,1,2,1,2,4,4,2,4,2,4,2,4,Microsoft teams,2,4,5,2
423,423,Nie ma to dla mnie znaczenia,3,2,5,5,4,5,5,4,3,2,5,5,3,3,5,4,4,3,4,2,5,Microsoft teams,2,5,5,5
424,424,Nie,1,1,1,1,1,1,1,1,1,1,1,1,1,1,1,1,1,1,1,2,1,Microsoft teams,2,1,1,1
425,425,Tak,5,3,5,5,4,5,5,5,4,4,5,5,4,4,5,4,4,3,4,2,4,Microsoft teams,1,4,4,5
426,426,Tak,1,1,5,5,3,4,4,5,4,4,5,5,5,4,1,4,5,4,5,2,5,Microsoft teams,2,5,5,5
427,427,Nie,1,5,1,1,1,5,5,5,1,1,1,3,4,3,5,1,1,1,1,2,3,Microsoft teams,2,3,3,3
428,428,Nie,3,2,4,5,1,1,1,1,1,3,1,1,4,1,3,1,3,1,1,2,4,Microsoft teams,1,3,3,3
429,429,Nie,1,3,4,3,1,3,5,2,2,2,2,2,4,4,2,1,2,1,2,2,4,Microsoft teams,2,4,1,2
430,430,Nie,2,3,5,4,3,4,4,5,3,2,2,4,2,3,5,3,5,3,3,2,3,Microsoft teams,2,4,4,5
431,431,Tak,3,3,5,5,5,5,5,5,5,4,5,5,4,4,5,4,5,5,4,2,5,Microsoft teams,1,4,4,4
432,432,Nie ma to dla mnie znaczenia,5,2,3,2,5,2,2,2,3,3,3,5,2,2,2,4,4,2,5,2,4,Microsoft teams,2,5,5,4
433,433,Nie ma to dla mnie znaczenia,3,2,4,5,3,5,5,5,4,3,3,2,4,4,5,4,4,2,4,2,4,Microsoft teams,1,3,4,4
434,434,Tak,4,2,4,4,5,5,5,5,4,4,4,4,2,3,4,4,4,4,4,2,4,Microsoft teams,1,4,4,5
435,435,Tak,5,2,4,4,4,4,2,2,2,5,4,4,2,2,5,2,4,4,2,2,4,Microsoft teams,2,4,4,5
436,436,Nie,2,1,3,2,3,2,3,2,1,2,2,1,3,3,2,1,2,2,1,2,2,Microsoft teams,1,4,4,3
437,437,Nie ma to dla mnie znaczenia,4,1,5,5,5,4,4,4,5,4,5,5,4,4,2,5,5,5,5,1,5,Microsoft teams,2,4,4,4
438,438,Tak,5,3,5,5,5,5,5,5,5,5,5,5,5,4,5,5,5,5,5,2,5,Microsoft teams,1,5,5,5
439,439,Nie,5,3,2,1,3,3,2,3,1,4,2,2,4,4,3,2,2,1,1,2,1,Microsoft teams,1,3,3,3
440,440,Nie,2,2,2,3,2,2,4,3,2,3,3,2,1,1,5,2,3,2,2,2,5,Inne,2,3,3,3
441,441,Tak,4,3,5,5,4,4,4,3,5,5,5,5,4,5,4,5,5,5,4,2,4,Microsoft teams,1,5,5,4
442,442,Tak,4,1,4,3,3,5,5,5,2,4,2,4,3,2,5,3,3,2,5,2,5,Microsoft teams,2,4,4,5
443,443,Tak,3,5,2,3,4,3,3,4,2,5,3,2,1,1,3,3,2,2,3,2,5,Microsoft teams,2,5,5,5
444,444,Tak,2,2,5,5,5,4,4,4,5,4,5,4,5,5,5,5,5,5,5,1,5,Microsoft teams,2,5,5,5
445,445,Nie,1,2,3,2,1,5,5,1,1,1,2,4,4,4,5,1,4,1,3,2,5,Microsoft teams,2,4,4,4
446,446,Tak,5,3,5,5,5,4,4,3,3,5,5,5,5,5,2,4,5,4,5,2,4,Microsoft teams,2,4,4,5
447,447,Tak,2,1,1,1,1,1,1,1,1,1,3,1,1,1,1,2,1,3,2,2,1,Microsoft teams,2,2,1,1
448,448,Nie ma to dla mnie znaczenia,1,2,4,5,5,1,4,1,4,5,3,3,4,3,5,5,4,4,4,1,4,Inne,1,4,4,5
449,449,Tak,4,4,5,4,5,5,5,5,4,4,4,4,3,4,4,3,4,3,5,2,4,Microsoft teams,2,4,4,5
450,450,Tak,3,3,4,5,5,5,3,5,4,4,5,3,3,3,5,4,4,3,5,2,4,Microsoft teams,1,4,4,5
451,451,Nie,2,3,3,2,1,2,5,4,1,3,1,2,4,3,3,1,2,1,3,2,4,Microsoft teams,2,3,3,4
452,452,Tak,2,2,5,5,5,5,5,5,5,3,5,5,5,4,4,5,4,3,5,1,5,Microsoft teams,1,5,5,5
453,453,Tak,5,2,5,5,5,4,5,5,5,5,5,5,5,5,4,4,5,4,5,1,4,Microsoft teams,1,5,5,4
454,454,Tak,5,2,4,4,4,3,4,5,5,5,5,4,1,2,5,4,5,3,3,2,4,Microsoft teams,1,4,4,5
455,455,Nie,1,2,4,2,4,4,3,3,2,1,2,3,3,3,5,3,3,2,3,2,4,Microsoft teams,2,4,4,5
456,456,Nie,2,1,3,3,2,1,4,3,2,2,3,3,3,4,5,3,3,2,2,2,4,Microsoft teams,2,5,5,5
457,457,Tak,3,3,5,5,4,4,5,4,4,3,4,4,5,5,5,5,5,4,5,2,5,Microsoft teams,1,4,5,5
458,458,Nie ma to dla mnie znaczenia,3,5,3,3,2,5,5,5,1,4,3,4,5,5,5,4,2,1,1,1,4,Microsoft teams,2,1,3,1
459,459,Nie ma to dla mnie znaczenia,4,3,3,3,3,5,5,5,3,4,3,3,3,3,5,3,3,3,4,2,4,Microsoft teams,2,4,4,4
460,460,Tak,5,5,5,5,5,5,5,5,5,5,5,5,5,5,5,5,5,5,5,2,5,Microsoft teams,2,5,5,5
461,461,Nie,1,3,3,3,2,5,5,5,1,1,1,1,3,3,3,3,3,1,1,2,3,Microsoft teams,2,3,3,3
462,462,Tak,3,2,4,4,4,5,5,5,3,3,4,5,5,5,3,4,5,3,4,2,5,Microsoft teams,2,4,4,5
463,463,Nie,2,2,3,3,4,4,3,4,2,3,4,2,4,3,5,2,4,2,3,2,3,Microsoft teams,2,4,4,4
464,464,Nie,4,1,2,3,1,4,5,4,2,2,2,4,2,1,5,3,4,2,5,2,5,Microsoft teams,1,5,4,5
465,465,Tak,1,3,5,5,5,5,5,5,5,5,5,5,4,3,5,5,5,5,5,2,5,Microsoft teams,2,5,5,5
466,466,Nie ma to dla mnie znaczenia,3,2,4,4,3,4,4,3,3,4,3,3,3,3,4,3,4,3,3,2,3,Microsoft teams,2,4,4,4
467,467,Nie,1,2,4,4,3,4,1,4,2,1,4,1,5,4,5,4,5,2,4,2,4,Microsoft teams,2,4,4,4
468,468,Nie,5,2,3,1,4,5,5,4,1,3,2,3,3,4,5,2,4,1,3,2,5,Microsoft teams,2,5,5,4
469,469,Nie,2,2,3,5,2,5,5,3,1,5,3,4,4,4,5,2,3,3,1,2,3,Microsoft teams,2,5,5,5
470,470,Nie ma to dla mnie znaczenia,4,1,2,4,3,4,3,3,3,2,3,3,1,2,5,2,3,2,5,1,4,Microsoft teams,2,3,3,4
471,471,Tak,4,3,4,5,5,5,3,5,5,4,5,4,3,3,4,4,5,5,4,2,5,Microsoft teams,1,5,4,5
472,472,Tak,4,2,4,5,5,5,5,5,4,5,4,5,3,2,5,4,3,4,5,2,4,Microsoft teams,1,5,3,5
473,473,Tak,4,2,4,5,5,5,5,5,4,5,4,5,3,2,5,4,3,4,5,2,4,Microsoft teams,1,5,3,5
474,474,Nie,5,1,3,5,1,5,5,5,2,5,2,3,4,3,3,3,3,2,5,2,3,Microsoft teams,2,5,5,5
475,475,Nie,5,3,2,3,3,5,3,2,3,5,3,2,3,2,5,3,2,3,3,2,4,Microsoft teams,2,5,5,5
476,476,Nie,5,1,2,3,2,1,2,1,1,1,2,1,5,4,4,2,1,1,3,2,3,Microsoft teams,2,2,4,4
477,477,Nie ma to dla mnie znaczenia,4,3,3,4,5,4,4,5,2,4,3,4,1,1,4,3,4,3,5,2,5,Microsoft teams,2,5,5,5
478,478,Nie,1,1,1,2,3,2,2,2,1,1,1,1,3,2,3,1,2,2,1,1,1,Microsoft teams,2,3,3,3
479,479,Nie,2,1,5,4,3,4,4,5,3,5,3,4,2,2,2,2,5,2,4,2,5,Microsoft teams,2,5,5,5
480,480,Nie,3,3,4,4,1,1,1,1,1,3,1,3,2,4,5,1,4,1,1,2,1,Microsoft teams,2,2,2,4
481,481,Tak,4,2,2,3,4,5,5,4,3,2,5,2,4,4,5,2,4,1,2,2,2,Microsoft teams,1,5,5,4
482,482,Tak,5,4,5,5,4,4,4,4,4,4,4,5,3,3,4,5,5,4,4,2,5,Microsoft teams,1,5,5,5
483,483,Nie,1,3,1,2,4,2,2,3,1,1,1,2,1,1,2,2,1,1,1,2,2,Microsoft teams,2,1,1,2
484,484,Nie ma to dla mnie znaczenia,3,2,4,4,3,4,3,3,3,3,3,3,2,1,5,3,5,4,3,2,3,Microsoft teams,2,5,5,5
485,485,Nie ma to dla mnie znaczenia,3,2,4,4,4,4,5,5,4,4,4,3,5,5,5,4,4,4,4,2,4,Microsoft teams,2,4,4,5
486,486,Nie,5,1,4,2,5,5,5,5,2,1,2,2,5,2,3,3,4,1,4,2,3,Discord,2,5,5,3
487,487,Nie,1,4,3,5,3,5,5,5,1,1,5,3,4,4,5,2,3,1,2,2,1,Microsoft teams,2,3,3,4
488,488,Nie ma to dla mnie znaczenia,2,2,3,3,4,5,5,5,3,2,3,3,4,1,5,3,4,3,3,1,3,Microsoft teams,2,2,2,3
489,489,Nie,1,4,3,5,3,5,5,5,1,1,5,3,4,4,5,2,3,1,2,2,1,Microsoft teams,2,3,3,4
490,490,Tak,3,1,4,5,3,3,4,3,4,3,5,3,3,1,5,3,3,4,4,2,4,Microsoft teams,1,4,3,3
491,491,Nie ma to dla mnie znaczenia,2,3,3,3,2,3,3,3,2,2,3,3,5,5,5,3,3,2,4,1,4,Microsoft teams,1,4,4,5
492,492,Nie,3,2,3,3,5,5,5,5,3,2,3,3,3,3,4,3,3,3,4,2,4,Microsoft teams,1,3,4,4
493,493,Nie,5,2,5,4,2,2,2,2,1,2,2,4,2,4,3,1,5,3,2,2,5,Microsoft teams,2,5,5,4
494,494,Nie,5,3,2,2,1,2,2,2,1,1,1,1,2,3,4,1,2,1,1,2,2,Microsoft teams,2,3,3,3
495,495,Nie,1,1,3,4,4,3,4,4,2,1,3,2,3,3,4,3,3,2,4,1,3,Microsoft teams,1,4,4,3
496,496,Nie,1,2,4,3,4,5,4,4,2,2,4,3,4,4,2,2,3,2,4,1,4,Microsoft teams,2,4,4,4
497,497,Tak,4,2,4,5,5,5,5,5,5,4,5,4,4,3,5,5,5,5,5,2,5,Microsoft teams,1,5,4,5
498,498,Tak,3,2,4,4,4,4,3,4,4,3,3,4,3,3,5,4,4,3,4,2,5,Microsoft teams,2,4,4,5
499,499,Nie ma to dla mnie znaczenia,4,2,3,5,5,4,4,4,4,4,5,2,4,3,5,4,4,2,4,2,5,Microsoft teams,2,5,5,5
500,500,Nie ma to dla mnie znaczenia,5,2,5,5,5,5,2,3,4,4,5,4,4,4,5,2,5,2,3,2,5,Microsoft teams,1,4,4,4
501,501,Nie,1,4,3,5,3,5,5,5,1,1,5,3,4,4,5,2,3,1,2,2,1,Microsoft teams,2,3,3,4
502,502,Nie ma to dla mnie znaczenia,5,2,5,5,5,5,2,3,4,4,5,4,4,4,5,2,5,2,3,2,5,Microsoft teams,1,4,4,4
503,503,Tak,4,3,5,5,4,5,4,5,5,5,5,5,2,4,5,5,5,4,5,2,5,Microsoft teams,2,5,5,5
504,504,Nie,4,1,3,3,2,4,5,4,4,5,2,3,4,4,5,2,3,3,4,2,3,Microsoft teams,1,5,4,5
505,505,Nie,4,2,3,4,2,5,3,5,3,2,4,2,4,4,4,2,2,2,5,2,3,Microsoft teams,2,4,4,3
506,506,Nie,2,1,3,2,2,4,4,5,2,3,4,3,3,3,5,3,3,2,4,1,3,Microsoft teams,2,3,3,4
507,507,Nie ma to dla mnie znaczenia,1,2,5,5,3,4,5,4,2,3,3,3,2,2,5,3,3,3,3,2,4,Microsoft teams,2,4,4,5
508,508,Nie,2,2,4,4,5,4,4,4,3,3,3,3,4,3,5,3,3,2,4,2,4,Microsoft teams,2,4,4,5
509,509,Tak,3,2,3,3,5,5,3,1,3,2,3,3,1,1,5,3,3,2,3,1,5,Microsoft teams,2,2,5,5
510,510,Tak,4,3,5,2,2,5,5,4,3,4,5,4,5,5,3,3,4,4,3,2,4,Discord,2,4,3,3
511,511,Nie,2,2,3,2,2,5,5,5,2,2,2,2,4,4,5,1,2,1,4,2,3,Microsoft teams,2,3,4,4
512,512,Tak,5,4,5,5,5,5,5,5,5,5,3,5,4,5,5,3,5,3,5,2,5,Microsoft teams,2,5,5,3
513,513,Nie ma to dla mnie znaczenia,1,3,1,3,1,3,5,2,1,1,1,1,2,2,1,2,1,2,1,1,5,Microsoft teams,2,1,1,1
514,514,Tak,5,3,4,5,3,5,5,5,3,5,4,4,3,1,5,3,5,3,5,2,5,Discord,2,5,4,5
515,515,Nie ma to dla mnie znaczenia,3,2,3,3,1,1,3,4,1,4,2,2,5,5,3,2,2,2,4,2,3,Microsoft teams,2,3,3,4
516,516,Tak,5,4,5,5,5,5,5,5,5,5,3,5,4,5,5,3,5,3,5,2,5,Microsoft teams,2,5,5,3
517,517,Nie,4,3,3,2,3,4,5,4,2,2,2,3,5,4,5,2,5,2,3,2,5,Microsoft teams,1,4,4,2
518,518,Nie ma to dla mnie znaczenia,4,2,3,2,2,3,3,2,1,3,2,4,1,3,5,3,2,2,3,2,2,Microsoft teams,1,4,3,5
519,519,Tak,5,3,5,5,5,3,3,3,4,4,5,5,3,3,3,4,4,4,4,1,4,Microsoft teams,1,4,2,5
520,520,Nie,5,1,2,2,3,4,4,3,1,1,2,2,5,2,5,2,4,1,2,2,4,Microsoft teams,2,3,3,3
521,521,Tak,5,3,5,5,3,5,5,5,5,5,4,4,5,5,5,5,4,3,5,2,5,Microsoft teams,2,4,4,5
522,522,Nie ma to dla mnie znaczenia,1,5,1,4,1,1,1,1,1,1,1,1,5,5,1,1,1,1,3,2,1,Microsoft teams,2,4,2,2
523,523,Nie,4,2,2,4,5,4,4,5,2,1,2,1,2,2,5,1,1,2,4,2,3,Microsoft teams,2,3,3,3
524,524,Tak,3,3,5,4,3,5,5,5,4,4,5,5,4,4,5,4,4,4,5,2,5,Microsoft teams,2,3,4,4
525,525,Nie,1,2,3,1,1,4,4,5,1,1,3,1,4,3,5,1,1,2,3,2,2,Microsoft teams,1,3,4,5
526,526,Nie,5,2,1,1,1,1,1,5,1,1,1,1,3,4,5,1,2,1,1,2,5,Microsoft teams,2,3,3,3
527,527,Nie,2,2,2,3,4,5,3,4,1,1,1,1,3,2,5,2,2,1,3,2,3,Microsoft teams,1,2,1,2
528,528,Nie,2,2,2,1,2,3,3,3,1,1,2,2,3,3,4,2,2,2,2,2,3,Microsoft teams,2,3,2,2
529,529,Nie ma to dla mnie znaczenia,4,3,5,5,5,3,4,5,4,3,5,4,4,4,5,3,3,3,4,2,4,Discord,2,5,2,3
530,530,Nie ma to dla mnie znaczenia,5,4,5,5,3,5,5,5,3,5,5,2,3,1,5,4,3,3,5,2,5,Microsoft teams,1,5,4,4
531,531,Nie,1,3,3,3,1,4,5,4,2,2,1,3,5,5,5,3,5,2,3,2,5,Microsoft teams,1,3,3,3
532,532,Nie,4,2,4,2,2,3,3,4,1,2,2,4,3,4,5,3,4,1,2,2,2,Microsoft teams,1,3,3,3
533,533,Tak,4,3,4,5,5,5,5,4,4,5,5,4,4,3,3,5,4,4,5,1,4,Microsoft teams,2,5,5,5
534,534,Tak,4,3,5,5,5,4,4,5,5,5,3,5,5,5,5,4,4,4,5,1,4,Microsoft teams,1,4,3,5
535,535,Tak,4,2,4,4,4,4,5,5,4,4,5,5,3,2,3,4,5,4,4,2,5,Microsoft teams,2,5,5,5
536,536,Nie,1,4,2,1,1,2,3,2,1,2,1,1,3,4,5,2,3,1,2,2,4,Microsoft teams,2,5,5,5
537,537,Nie,5,2,5,5,3,2,2,2,3,4,5,1,4,4,5,3,4,3,2,2,1,Microsoft teams,1,3,1,4
538,538,Tak,4,5,4,5,4,4,5,5,5,4,5,5,4,4,5,4,4,4,4,2,4,Microsoft teams,1,4,4,4
539,539,Nie ma to dla mnie znaczenia,5,2,3,3,1,3,3,2,1,5,1,3,3,3,1,2,2,1,4,2,5,Microsoft teams,2,5,5,3
540,540,Nie,1,3,2,2,1,4,4,4,1,1,2,3,3,4,5,3,2,2,3,2,4,Microsoft teams,2,4,4,3
541,541,Nie,5,1,3,1,2,2,5,2,3,5,3,1,5,5,2,2,5,1,3,2,2,Inne,1,2,3,3
542,542,Nie,5,2,4,4,2,2,3,5,1,5,4,4,5,5,5,2,5,1,3,2,5,Microsoft teams,2,4,4,4
543,543,Tak,3,4,5,5,4,1,3,1,3,3,3,3,2,5,5,3,3,4,4,2,3,Microsoft teams,1,3,2,5
544,544,Nie ma to dla mnie znaczenia,2,3,3,5,4,4,5,2,4,5,5,4,4,4,4,3,2,2,3,2,5,Microsoft teams,2,3,3,4
545,545,Tak,1,2,2,5,1,5,5,5,2,1,4,2,5,5,4,3,3,3,3,2,5,Microsoft teams,2,5,4,4
546,546,Nie ma to dla mnie znaczenia,5,3,3,5,4,4,5,4,4,5,4,5,5,4,5,3,3,3,3,2,4,Microsoft teams,2,4,3,4
547,547,Tak,3,5,3,2,4,5,4,4,4,3,3,3,5,4,4,3,4,2,5,1,5,Microsoft teams,2,3,4,5
548,548,Tak,4,4,4,4,3,3,3,3,3,5,4,3,1,1,4,3,3,4,4,2,4,Microsoft teams,2,4,4,4
549,549,Tak,5,1,3,5,5,1,1,1,5,4,5,3,5,5,5,1,1,2,5,2,5,Microsoft teams,2,5,5,3
550,550,Nie ma to dla mnie znaczenia,4,3,3,3,3,5,5,1,2,3,3,3,3,3,3,3,2,2,3,2,5,Microsoft teams,1,4,5,5
551,551,Nie,5,2,2,2,2,5,4,2,2,1,4,3,5,5,5,2,2,1,3,2,2,Microsoft teams,2,5,5,4
552,552,Nie,4,2,4,3,5,4,4,4,2,2,3,3,4,1,3,4,3,4,3,2,4,Microsoft teams,1,4,4,4
553,553,Nie,1,3,3,2,2,3,2,2,1,2,1,4,3,4,5,2,3,1,2,2,2,Microsoft teams,2,4,4,3
554,554,Nie ma to dla mnie znaczenia,3,3,3,3,3,4,5,5,3,3,4,2,4,4,2,3,2,2,5,2,4,Microsoft teams,1,3,3,2
555,555,Nie ma to dla mnie znaczenia,3,3,4,5,3,4,4,4,3,4,2,4,4,4,5,4,3,3,3,2,4,Microsoft teams,2,4,4,5
556,556,Tak,2,2,4,3,4,5,5,5,2,2,4,4,2,1,5,3,3,2,4,2,4,Microsoft teams,2,4,4,5
557,557,Tak,2,2,4,4,3,4,4,5,3,2,3,4,4,4,5,4,5,3,4,2,5,Microsoft teams,2,3,3,5
558,558,Tak,3,2,4,3,3,3,3,3,3,3,3,4,3,3,5,3,3,3,3,2,3,Microsoft teams,1,4,4,5
559,559,Nie ma to dla mnie znaczenia,5,5,3,2,2,5,5,4,1,5,3,4,2,3,2,2,4,2,5,2,4,Microsoft teams,2,3,4,4
560,560,Nie,5,2,2,5,3,1,1,1,1,5,5,2,1,1,5,1,2,1,3,2,3,Microsoft teams,1,5,5,5
561,561,Tak,5,2,5,5,5,5,5,5,5,5,5,5,1,1,5,5,5,5,5,2,5,Microsoft teams,1,5,5,5
562,562,Tak,4,2,4,4,4,4,5,4,4,5,4,4,4,4,4,4,4,4,4,2,4,Microsoft teams,2,4,3,4
563,563,Tak,3,2,3,5,3,3,3,5,3,4,4,4,2,3,5,4,4,3,4,2,4,Microsoft teams,2,4,4,4
564,564,Nie,1,2,1,1,1,2,1,2,1,1,1,1,1,1,1,1,1,1,1,2,3,Microsoft teams,2,2,2,1
565,565,Tak,4,3,5,4,5,5,5,5,4,5,5,2,5,5,5,3,3,2,4,1,2,Microsoft teams,2,5,5,5
566,566,Tak,4,2,4,4,4,4,5,4,4,5,4,4,4,4,4,4,4,4,4,2,4,Microsoft teams,2,4,3,4
567,567,Tak,2,2,3,5,4,5,5,3,4,2,4,4,4,4,4,2,5,4,4,2,4,Microsoft teams,1,4,4,5
568,568,Tak,3,4,4,5,4,5,5,4,4,3,5,5,5,5,4,4,3,3,4,2,4,Microsoft teams,2,4,5,5
569,569,Nie ma to dla mnie znaczenia,5,1,3,3,5,4,3,3,2,2,3,3,2,1,4,3,1,2,3,2,3,Microsoft teams,2,4,4,2
570,570,Tak,4,2,3,5,4,4,4,4,3,4,3,3,4,4,4,3,2,4,4,2,4,Microsoft teams,2,5,5,5
571,571,Nie,1,4,2,1,2,3,3,4,1,1,1,1,2,2,3,1,2,1,1,2,3,Microsoft teams,2,5,5,4
572,572,Nie ma to dla mnie znaczenia,2,4,3,3,4,5,4,5,2,2,3,4,3,3,4,3,2,2,4,2,4,Microsoft teams,2,3,3,5
573,573,Tak,3,3,4,4,3,4,4,5,4,4,5,4,3,3,4,4,4,4,4,2,4,Microsoft teams,1,4,4,3
574,574,Tak,4,2,5,4,5,5,5,5,5,4,5,5,4,4,4,5,5,5,5,2,5,Microsoft teams,1,5,5,5
575,575,Nie,2,2,3,1,3,5,5,5,3,3,3,4,3,3,4,3,3,2,4,2,4,Microsoft teams,2,4,4,3
576,576,Nie ma to dla mnie znaczenia,3,2,3,3,3,5,4,5,2,3,3,3,4,2,5,2,4,2,4,2,4,Microsoft teams,2,4,4,5
577,577,Tak,3,2,4,4,2,3,3,3,4,3,4,4,3,2,4,3,4,3,3,2,4,Microsoft teams,1,4,5,4
578,578,Nie,5,2,5,4,5,2,2,1,3,5,3,3,4,2,3,3,4,2,4,2,5,Microsoft teams,1,5,5,4
579,579,Nie,5,5,3,2,2,5,3,5,2,1,2,4,5,5,5,5,3,2,5,1,4,Discord,2,5,3,4
580,580,Tak,3,5,5,5,2,5,5,5,3,5,5,4,5,5,5,3,3,3,4,2,5,Microsoft teams,2,5,5,5
581,581,Nie,1,3,2,1,1,5,5,5,1,1,1,2,4,4,4,2,2,1,2,2,5,Microsoft teams,2,3,3,2
582,582,Tak,3,2,4,5,3,5,5,5,4,2,5,5,3,3,5,4,5,4,5,2,5,Microsoft teams,1,5,5,5
583,583,Tak,5,3,4,5,4,4,5,5,5,4,5,4,5,3,5,5,4,4,5,2,5,Microsoft teams,1,4,4,5
584,584,Nie,2,2,4,3,1,4,5,5,4,2,4,3,5,5,5,2,4,1,3,1,2,Microsoft teams,2,4,4,4
585,585,Nie,5,3,3,2,1,2,4,3,2,2,3,5,2,2,5,4,3,3,3,2,3,Microsoft teams,2,5,5,5
586,586,Nie,5,3,4,4,3,4,4,4,2,5,2,4,2,2,4,3,5,3,3,2,4,Microsoft teams,2,4,4,5
587,587,Nie ma to dla mnie znaczenia,1,2,4,3,2,5,3,5,2,1,4,4,4,4,3,2,4,1,3,2,2,Microsoft teams,1,4,4,4
588,588,Nie,2,2,2,3,1,5,5,2,1,1,3,2,4,4,1,1,1,1,1,2,2,Microsoft teams,2,2,4,1
589,589,Nie,1,2,3,2,1,3,3,3,1,1,1,4,1,1,3,1,2,1,1,2,2,Microsoft teams,2,4,4,3
590,590,Tak,5,4,5,5,4,5,5,5,5,5,5,5,3,3,5,5,5,5,5,2,5,Microsoft teams,2,5,5,5
591,591,Nie,3,4,2,3,2,4,5,5,1,4,3,1,5,5,5,2,2,1,3,2,1,Microsoft teams,2,4,4,4
592,592,Nie,3,2,4,5,3,5,5,5,3,3,4,4,3,4,5,3,4,3,4,2,5,Microsoft teams,1,4,4,5
593,593,Tak,4,2,3,5,4,5,5,5,4,2,4,3,3,3,5,4,3,4,4,2,4,Microsoft teams,1,4,4,4
594,594,Nie,3,3,4,3,2,3,4,3,2,4,3,3,4,3,5,3,3,3,4,2,4,Microsoft teams,2,4,4,2
595,595,Nie,2,1,3,2,2,3,5,3,2,2,4,3,4,4,5,2,4,1,2,2,5,Microsoft teams,2,4,4,5
596,596,Nie ma to dla mnie znaczenia,3,2,5,5,3,3,3,2,3,3,4,4,4,4,5,4,4,3,4,2,5,Microsoft teams,2,5,5,4
597,597,Nie,1,1,2,1,1,4,4,1,1,2,1,2,4,2,4,1,3,1,2,2,4,Microsoft teams,2,3,3,3
598,598,Nie,2,1,4,3,2,3,3,3,3,3,3,3,3,3,3,3,3,3,3,2,3,Microsoft teams,2,3,3,3
599,599,Tak,4,2,4,5,4,5,5,5,4,5,5,5,4,4,5,3,3,3,4,2,4,Microsoft teams,1,4,4,5
600,600,Tak,5,2,4,5,4,5,5,4,4,5,5,3,4,4,5,4,3,4,5,1,3,Microsoft teams,2,4,4,5
601,601,Nie ma to dla mnie znaczenia,3,2,3,3,3,3,3,3,3,3,3,3,3,3,3,3,3,3,3,2,3,Microsoft teams,2,3,3,3
602,602,Tak,3,3,4,4,2,1,1,2,3,3,3,4,4,4,5,3,4,3,3,2,5,Microsoft teams,2,3,3,5
603,603,Tak,5,4,5,5,5,5,5,5,5,5,3,5,4,5,5,3,5,3,5,2,5,Microsoft teams,2,5,5,3
604,604,Nie,4,2,4,2,4,5,5,4,2,4,4,3,3,3,5,4,4,1,3,2,4,Microsoft teams,2,2,2,2
605,605,Nie,1,2,4,2,2,5,5,4,2,1,2,2,4,4,4,3,3,2,3,2,2,Microsoft teams,1,3,3,3
606,606,Nie ma to dla mnie znaczenia,2,2,2,4,2,5,5,5,1,2,3,2,3,2,2,1,2,1,4,2,3,Microsoft teams,2,4,4,2
607,607,Nie ma to dla mnie znaczenia,1,2,5,4,1,4,3,5,2,2,2,5,5,5,4,2,5,1,4,2,3,Microsoft teams,2,5,5,2
608,608,Nie ma to dla mnie znaczenia,5,4,5,5,3,4,5,5,5,4,5,5,5,4,5,4,5,4,4,2,5,Microsoft teams,1,5,5,4
609,609,Tak,5,3,5,5,5,5,5,5,5,5,5,5,5,5,5,5,5,5,5,2,5,Microsoft teams,1,4,4,4
610,610,Tak,5,3,5,5,5,4,3,4,5,4,3,4,1,1,5,4,4,3,4,2,5,Microsoft teams,1,3,3,4
611,611,Nie,5,3,1,1,1,5,5,4,1,1,1,2,1,1,1,1,1,1,1,2,1,Microsoft teams,2,3,3,3
612,612,Nie,2,2,3,2,2,5,5,5,2,2,2,3,4,4,4,2,3,2,4,2,4,Microsoft teams,2,3,3,1
613,613,Nie,5,2,3,5,3,4,5,4,3,4,3,4,4,4,5,2,4,2,4,2,2,Microsoft teams,1,5,5,4
614,614,Tak,1,2,4,5,5,5,5,5,2,2,5,5,5,4,4,2,5,1,5,1,5,Microsoft teams,2,4,4,4
615,615,Tak,3,3,3,3,4,5,5,5,4,3,5,5,5,5,5,4,3,3,5,2,5,Microsoft teams,2,3,3,4
616,616,Nie,2,2,4,3,5,4,5,5,2,2,3,3,5,3,4,3,4,3,5,1,4,Microsoft teams,2,4,4,5
617,617,Nie,5,3,2,4,2,2,5,2,1,5,1,2,3,5,1,2,2,1,3,1,1,Discord,2,5,5,3
618,618,Tak,5,3,5,5,2,5,5,5,5,5,5,5,1,5,5,5,3,4,5,2,4,Microsoft teams,1,4,4,4
619,619,Nie,5,4,4,3,1,3,2,3,1,3,3,2,3,3,5,1,4,1,3,2,3,Microsoft teams,2,5,5,5
620,620,Nie ma to dla mnie znaczenia,2,5,4,5,5,3,4,1,5,4,3,4,1,1,5,4,5,4,5,2,5,Microsoft teams,2,5,5,4
621,621,Nie,3,5,3,2,2,2,3,2,2,2,2,3,5,5,5,2,3,2,3,2,5,Microsoft teams,2,2,2,3
622,622,Tak,5,4,5,5,5,5,5,5,5,5,5,5,5,5,5,5,5,5,4,2,5,Microsoft teams,1,5,5,4
623,623,Tak,1,3,2,5,5,5,5,5,5,4,5,5,5,5,1,5,1,4,4,2,5,Microsoft teams,2,5,5,5
624,624,Tak,4,2,3,4,4,5,4,4,4,3,4,2,5,2,5,4,5,3,5,2,5,Microsoft teams,2,1,3,5
625,625,Nie ma to dla mnie znaczenia,4,4,2,3,4,5,4,5,3,3,4,4,5,1,3,4,3,3,5,1,4,Microsoft teams,2,4,5,4
626,626,Nie,1,1,2,2,2,2,1,4,1,1,1,2,1,1,1,1,1,2,5,2,1,Microsoft teams,2,5,4,4
627,627,Tak,2,2,5,5,5,4,5,5,5,2,5,5,4,4,5,5,5,5,4,2,5,Microsoft teams,2,5,5,5
628,628,Tak,5,2,5,5,4,5,5,5,4,5,5,5,4,3,5,5,5,4,5,2,5,Microsoft teams,2,5,5,5
629,629,Nie,1,1,3,2,2,2,1,1,1,1,2,1,4,4,5,1,3,1,2,2,5,Microsoft teams,1,3,4,1
630,630,Tak,4,4,5,5,4,4,5,4,4,4,4,4,4,4,4,4,4,4,4,1,5,Microsoft teams,2,4,4,4
631,631,Tak,4,4,4,4,3,4,3,4,4,3,4,4,3,2,4,4,3,3,4,1,4,Microsoft teams,2,4,4,4
632,632,Tak,4,3,3,5,5,5,3,3,3,5,5,3,4,4,4,3,3,3,5,2,5,Discord,2,5,4,4
633,633,Tak,4,3,4,5,4,4,3,4,4,4,5,4,3,3,5,4,5,5,4,2,4,Microsoft teams,1,5,5,5
634,634,Tak,2,3,4,5,4,4,4,4,4,3,5,3,3,3,3,4,3,3,4,2,4,Microsoft teams,2,3,3,4
635,635,Tak,2,5,4,3,4,2,3,1,4,3,4,3,4,4,4,4,4,2,4,2,4,Discord,1,5,5,4
636,636,Tak,2,1,1,5,1,3,3,5,1,2,4,2,5,5,5,2,1,2,3,2,2,Microsoft teams,2,5,5,5
637,637,Tak,3,1,5,5,5,5,5,5,5,2,5,5,5,5,3,5,4,5,5,1,5,Microsoft teams,2,5,5,5
638,638,Nie,1,2,1,5,4,2,3,2,3,1,4,2,2,4,4,1,1,4,1,2,1,Microsoft teams,2,3,4,2
639,639,Tak,4,3,4,5,4,5,5,5,4,3,4,4,5,5,5,4,3,3,4,2,4,Microsoft teams,2,4,4,5
640,640,Nie ma to dla mnie znaczenia,3,2,4,5,2,4,4,3,2,3,3,2,3,3,4,2,3,3,4,2,4,Microsoft teams,2,4,3,3
641,641,Nie ma to dla mnie znaczenia,5,2,4,4,3,4,4,4,3,5,4,4,2,2,5,3,4,2,4,2,4,Microsoft teams,1,3,3,3
642,642,Nie ma to dla mnie znaczenia,2,2,3,3,3,3,3,3,1,2,2,3,3,3,3,2,5,1,3,2,4,Microsoft teams,1,4,4,3
643,643,Tak,4,2,5,5,5,4,5,4,3,2,5,5,4,4,5,4,5,4,5,1,5,Microsoft teams,1,4,3,5
644,644,Tak,4,2,5,5,5,4,4,4,4,1,5,4,5,2,4,4,5,4,4,1,4,Microsoft teams,2,2,5,1
645,645,Nie,1,3,3,5,2,2,3,3,1,2,4,2,4,4,3,2,5,1,3,1,3,Microsoft teams,2,4,4,5
646,646,Nie ma to dla mnie znaczenia,3,2,4,4,4,5,5,5,4,3,4,4,3,3,4,4,4,3,5,1,5,Microsoft teams,1,4,4,4
647,647,Nie,1,4,3,1,1,1,1,1,1,1,1,4,5,3,4,1,1,1,1,2,1,Microsoft teams,1,5,5,2
648,648,Tak,3,2,5,5,3,5,5,5,3,2,5,5,4,5,5,3,5,5,5,2,5,Microsoft teams,2,5,5,5
649,649,Tak,3,3,4,3,4,4,5,2,3,3,4,3,3,3,5,4,3,3,3,2,3,Microsoft teams,1,4,4,5
650,650,Nie ma to dla mnie znaczenia,3,3,4,3,3,2,2,2,3,3,3,3,4,2,4,3,3,2,3,2,5,Microsoft teams,1,4,4,3
651,651,Tak,5,2,5,5,5,5,5,5,5,5,5,5,5,5,5,5,5,5,5,1,5,Microsoft teams,1,5,5,5
652,652,Nie,4,3,3,1,2,5,5,5,2,5,2,3,4,4,3,2,3,2,3,2,3,Microsoft teams,2,3,3,3
653,653,Nie,2,3,3,3,3,5,5,5,3,2,3,4,4,2,4,2,3,2,4,2,4,Microsoft teams,1,3,4,4
654,654,Tak,3,3,3,5,4,5,5,5,4,3,5,4,2,2,4,4,3,3,4,2,3,Microsoft teams,2,4,4,4
655,655,Tak,5,1,5,5,4,5,5,5,5,5,5,4,5,5,4,4,5,5,5,1,5,Microsoft teams,1,4,4,4
656,656,Tak,4,2,5,5,4,4,4,4,4,3,5,5,5,5,5,4,4,4,5,1,5,Microsoft teams,1,5,5,5
657,657,Tak,2,3,5,5,5,4,5,5,4,2,5,4,3,2,5,4,5,4,4,2,5,Microsoft teams,1,5,5,5
658,658,Tak,5,4,5,5,4,5,5,5,4,4,5,5,5,4,5,4,4,3,5,2,5,Microsoft teams,2,5,5,5
659,659,Tak,4,3,5,5,3,3,3,3,4,4,5,4,2,2,3,4,4,4,4,2,4,Microsoft teams,1,4,4,5
660,660,Tak,5,3,4,4,3,5,5,5,4,5,5,4,4,3,5,4,4,5,5,2,5,Microsoft teams,2,4,5,4
661,661,Tak,4,2,5,5,5,4,5,4,4,4,5,5,5,2,4,5,5,4,5,1,5,Microsoft teams,1,3,4,4
662,662,Nie,2,2,2,2,1,2,3,2,1,2,1,1,1,2,2,1,2,1,1,2,4,Microsoft teams,2,4,4,5
663,663,Tak,4,3,4,5,4,5,5,5,4,5,5,3,3,3,4,4,5,4,4,2,4,Microsoft teams,1,3,3,4
664,664,Nie,1,1,1,1,1,3,3,3,1,1,1,1,5,5,4,1,1,1,1,2,3,Microsoft teams,2,1,1,1
665,665,Nie ma to dla mnie znaczenia,4,1,4,2,4,4,3,3,3,4,4,4,5,4,3,3,3,3,5,2,5,Microsoft teams,2,4,4,4
666,666,Tak,5,3,5,5,4,5,5,4,3,5,3,3,3,4,5,3,3,3,4,2,4,Microsoft teams,1,4,4,4
667,667,Tak,4,2,4,5,5,5,4,5,4,4,5,5,2,1,5,5,3,4,5,2,5,Microsoft teams,2,5,5,1
668,668,Tak,3,3,4,5,4,4,4,4,4,5,5,5,5,5,5,4,5,4,5,2,5,Microsoft teams,1,4,4,5
669,669,Nie,2,3,2,2,2,2,3,3,1,1,3,3,3,3,4,2,1,1,4,2,4,Microsoft teams,2,4,4,3
670,670,Tak,4,4,5,5,4,4,4,4,4,4,5,5,5,5,5,4,5,4,4,2,4,Microsoft teams,2,5,5,5
671,671,Nie ma to dla mnie znaczenia,2,2,5,5,3,2,3,3,4,3,4,4,2,2,5,4,4,4,3,2,4,Microsoft teams,2,5,5,5
672,672,Nie,1,2,2,1,2,2,2,2,1,1,1,2,2,2,5,1,3,2,1,2,3,Microsoft teams,2,5,5,5
673,673,Tak,4,3,3,4,3,5,3,4,3,4,4,4,3,1,3,3,4,3,3,2,3,Microsoft teams,2,4,3,4
674,674,Nie,1,1,5,3,5,1,1,1,3,2,3,2,4,4,3,2,3,3,2,2,4,Microsoft teams,1,3,3,3
675,675,Nie,5,2,1,3,5,5,5,3,1,5,3,4,1,1,1,3,1,1,4,2,3,Microsoft teams,2,5,5,3
676,676,Tak,4,3,4,5,3,4,5,2,4,4,5,4,5,5,5,4,4,4,4,2,3,Microsoft teams,1,5,5,5
677,677,Nie,5,4,2,2,2,2,3,2,1,1,3,4,2,2,2,1,2,1,3,2,4,Microsoft teams,2,5,4,5
678,678,Nie,3,2,2,1,1,3,3,2,1,2,3,2,1,1,4,1,3,1,2,2,4,Microsoft teams,2,2,3,2
679,679,Nie,4,2,3,5,4,3,4,4,3,4,3,3,3,4,4,3,3,3,4,2,2,Microsoft teams,2,4,4,5
680,680,Tak,2,3,5,5,4,5,4,5,4,4,5,5,4,2,5,5,5,5,5,2,5,Microsoft teams,1,5,5,4
681,681,Nie,3,5,2,5,3,2,2,4,2,5,2,1,1,1,3,1,2,1,1,2,4,Microsoft teams,2,4,5,5
682,682,Nie ma to dla mnie znaczenia,5,2,3,1,1,2,1,1,3,2,2,2,4,4,4,2,2,1,3,2,4,Microsoft teams,2,2,4,4
683,683,Nie,1,1,4,2,2,3,3,3,1,1,2,1,4,4,3,2,2,1,3,2,4,Microsoft teams,1,4,2,2
684,684,Nie,5,3,2,5,1,5,5,5,2,5,4,2,3,4,5,1,2,1,3,2,5,Microsoft teams,2,4,4,5
685,685,Nie,1,5,1,1,1,1,1,1,1,1,1,1,1,1,1,1,1,1,1,2,1,Microsoft teams,1,2,2,1
686,686,Nie,2,2,2,5,5,5,5,5,2,1,2,1,5,5,1,1,2,1,4,2,5,Microsoft teams,2,3,3,5
687,687,Nie,3,2,3,3,3,4,4,4,3,3,4,3,4,4,4,3,3,1,3,2,3,Microsoft teams,2,3,3,3
688,688,Tak,1,1,3,3,3,3,3,3,3,3,3,3,3,3,3,3,3,3,3,2,4,Microsoft teams,2,2,1,2
689,689,Nie,1,2,3,2,2,3,3,3,1,2,3,1,3,3,3,2,3,1,3,2,3,Microsoft teams,2,3,3,2
690,690,Nie,2,2,3,3,1,4,5,4,3,2,2,3,4,4,5,2,3,2,4,2,5,Microsoft teams,1,5,3,3
691,691,Nie,4,2,2,2,2,3,3,3,2,2,3,2,3,3,4,2,2,2,2,2,2,Microsoft teams,2,3,3,3
692,692,Nie,1,2,3,1,2,4,2,4,2,1,3,3,3,2,2,2,2,1,2,2,3,Microsoft teams,1,3,3,2
693,693,Nie,5,1,1,4,1,1,1,1,1,1,3,1,3,2,2,1,1,1,1,2,1,Microsoft teams,2,2,2,5
694,694,Nie,1,2,4,1,2,4,4,5,1,1,3,3,4,3,2,2,4,2,4,2,3,Microsoft teams,2,4,4,4
695,695,Nie,1,2,2,1,1,3,3,2,1,1,1,1,5,5,3,1,1,1,1,2,3,Microsoft teams,2,3,3,2
696,696,Nie,1,1,2,1,1,1,1,2,1,1,1,1,3,2,2,1,1,1,1,2,3,Microsoft teams,2,3,3,1
697,697,Nie,1,2,4,3,5,3,2,2,2,1,5,2,5,5,5,2,4,2,3,2,4,Microsoft teams,1,4,3,5
698,698,Tak,4,3,4,4,4,4,4,4,4,4,4,4,3,3,4,5,5,4,4,2,5,Microsoft teams,2,4,5,5
699,699,Nie,5,2,2,3,2,4,4,2,1,5,4,3,4,4,2,2,3,1,3,2,3,Microsoft teams,2,2,3,2
700,700,Tak,4,3,5,5,4,5,5,4,4,4,4,5,3,2,4,4,5,4,5,2,5,Microsoft teams,2,4,4,5
701,701,Tak,4,2,4,4,5,4,4,4,2,3,3,3,4,4,4,2,2,3,4,2,3,Microsoft teams,2,4,4,3
702,702,Tak,4,3,3,5,5,2,3,3,2,4,4,2,4,3,3,2,1,1,3,2,3,Microsoft teams,2,3,4,4
703,703,Tak,4,1,4,5,4,4,4,3,4,5,3,3,3,3,3,4,4,3,3,2,4,Inne,2,5,3,3
704,704,Nie,5,2,4,4,1,1,1,2,1,5,2,1,1,1,5,1,3,1,1,2,1,Microsoft teams,2,2,3,4
705,705,Nie,4,3,3,2,2,4,4,4,1,3,2,3,3,2,4,2,2,1,4,2,3,Microsoft teams,1,3,4,4
706,706,Nie,1,3,2,2,1,1,1,1,1,2,1,2,4,4,3,1,2,1,1,2,2,Microsoft teams,2,3,3,4
707,707,Nie,2,2,4,5,5,5,5,4,3,4,4,3,4,4,3,2,4,3,4,2,3,Microsoft teams,1,2,3,3
708,708,Nie,1,3,2,2,4,2,2,2,1,1,3,1,1,1,1,1,1,1,2,2,2,Microsoft teams,1,3,3,3
709,709,Tak,3,3,4,4,5,4,4,3,4,3,5,5,4,5,5,4,5,4,4,1,5,Microsoft teams,2,4,4,4
710,710,Nie ma to dla mnie znaczenia,3,3,3,2,2,4,4,2,2,2,2,3,4,4,4,2,3,2,3,2,4,Microsoft teams,2,3,3,3
711,711,Nie ma to dla mnie znaczenia,1,2,3,3,4,4,4,4,2,1,3,3,4,4,4,2,4,2,3,2,3,Microsoft teams,2,3,3,2
712,712,Tak,4,5,4,5,5,5,5,5,4,4,5,4,4,4,2,4,5,3,4,2,3,Microsoft teams,1,4,4,5
713,713,Tak,4,3,3,2,2,3,5,2,2,4,3,3,5,5,4,2,4,2,4,2,5,Microsoft teams,2,3,4,4
714,714,Tak,4,3,5,5,4,5,5,5,4,5,5,5,4,4,5,5,4,4,5,2,5,Microsoft teams,2,5,5,5
715,715,Tak,3,2,5,3,4,1,5,5,4,5,5,2,4,4,2,4,5,5,4,2,4,Microsoft teams,1,5,5,5
716,716,Nie,5,1,4,5,5,5,3,5,5,1,5,3,5,1,1,3,3,4,5,2,4,Microsoft teams,2,3,3,4
717,717,Nie,1,2,3,4,1,2,2,1,1,1,1,1,2,1,1,2,3,1,1,2,3,Microsoft teams,2,2,3,3
718,718,Nie ma to dla mnie znaczenia,3,4,4,2,3,3,3,3,3,3,3,3,3,3,3,3,3,3,3,2,3,Microsoft teams,2,3,3,3
719,719,Nie,2,1,2,2,5,5,5,4,4,1,2,2,5,4,5,4,2,2,4,2,4,Microsoft teams,2,3,2,3
720,720,Nie,4,3,3,4,4,5,4,5,4,3,4,3,5,3,4,3,3,3,5,2,5,Microsoft teams,2,4,4,4
721,721,Tak,4,3,5,5,5,5,5,5,5,5,5,5,5,5,5,5,5,5,5,2,5,Microsoft teams,2,4,5,4
722,722,Tak,4,2,5,5,3,4,4,4,5,4,5,5,2,2,5,5,5,4,5,2,5,Microsoft teams,1,4,4,5
723,723,Nie,3,2,2,2,4,2,2,2,2,3,2,3,4,4,4,3,1,2,3,2,3,Microsoft teams,2,3,3,2
724,724,Nie,1,1,3,5,5,2,2,2,1,1,3,1,4,1,5,1,3,1,1,2,4,Microsoft teams,2,4,4,5
725,725,Tak,4,3,5,5,3,5,4,5,3,2,3,4,3,3,5,3,4,3,5,2,4,Microsoft teams,1,4,4,3
726,726,Nie,2,3,2,2,2,3,3,2,1,3,2,1,2,2,3,1,2,1,3,2,2,Microsoft teams,2,1,2,2
727,727,Tak,3,2,5,5,3,4,4,5,4,4,3,3,4,4,4,4,4,4,4,2,4,Microsoft teams,1,4,4,5
728,728,Nie,5,3,3,2,1,5,4,5,1,4,3,2,3,5,4,2,2,1,4,2,3,Microsoft teams,2,4,4,4
729,729,Nie ma to dla mnie znaczenia,4,3,5,4,2,2,4,4,2,3,4,4,4,4,3,2,5,2,2,2,3,Microsoft teams,1,5,4,3
730,730,Tak,5,2,5,5,5,5,5,2,5,5,4,5,3,3,5,4,4,4,5,2,4,Microsoft teams,1,4,4,5
731,731,Tak,5,2,3,5,2,5,5,5,4,4,5,5,5,5,5,3,3,4,4,1,5,Microsoft teams,2,4,4,5
732,732,Nie,5,3,2,2,3,4,3,3,1,5,3,2,1,1,2,1,2,1,3,2,3,Microsoft teams,2,3,3,5
733,733,Nie,2,4,2,1,1,1,2,1,1,1,2,1,4,3,4,1,1,1,2,2,1,Microsoft teams,2,3,3,4
734,734,Nie,2,2,3,3,3,2,3,3,2,2,3,1,4,4,4,2,2,3,3,1,4,Microsoft teams,2,3,3,4
735,735,Nie ma to dla mnie znaczenia,3,5,3,5,5,5,5,5,5,5,5,4,1,1,5,5,5,5,5,1,4,Microsoft teams,2,5,5,5
736,736,Tak,5,2,5,5,4,4,3,3,4,4,4,4,3,3,3,4,5,4,4,2,4,Microsoft teams,2,4,4,5
737,737,Nie ma to dla mnie znaczenia,3,2,4,5,4,5,5,5,3,3,3,3,5,3,5,3,4,3,5,2,4,Microsoft teams,1,3,3,4
738,738,Tak,3,1,4,4,4,4,4,5,5,2,5,5,3,1,2,4,5,5,4,2,4,Microsoft teams,1,4,4,5
739,739,Nie,3,5,2,5,3,2,1,2,1,4,2,1,4,3,2,1,4,1,2,2,5,Microsoft teams,2,5,5,3
740,740,Nie,1,3,3,3,3,3,5,4,1,1,2,2,4,4,3,2,3,2,3,2,3,Microsoft teams,1,4,4,4
741,741,Nie,3,2,2,2,4,2,2,2,1,2,3,1,1,1,4,2,2,1,2,2,3,Microsoft teams,2,4,3,2
742,742,Nie,5,1,3,3,1,2,3,2,1,3,3,3,4,4,4,1,3,2,3,2,3,Microsoft teams,2,3,3,2
743,743,Nie ma to dla mnie znaczenia,4,4,5,1,4,1,2,2,2,4,1,2,2,2,4,2,3,3,3,2,5,Microsoft teams,2,3,3,3
744,744,Tak,5,4,5,4,5,5,1,5,5,5,4,5,1,1,5,4,4,5,4,2,2,Microsoft teams,1,4,5,5
745,745,Tak,4,4,5,4,3,4,4,5,4,4,3,5,4,2,2,4,5,4,4,2,5,Microsoft teams,2,3,3,4
746,746,Tak,5,2,5,5,5,5,5,5,5,4,5,4,5,5,5,5,5,5,5,2,5,Microsoft teams,2,5,5,5
747,747,Tak,4,2,4,4,4,4,4,2,4,4,4,4,3,4,5,4,4,4,4,2,4,Microsoft teams,2,5,5,4
748,748,Nie ma to dla mnie znaczenia,5,3,5,4,4,5,5,5,4,4,5,5,3,3,5,4,5,4,4,2,4,Microsoft teams,2,4,5,5
749,749,Tak,5,2,5,5,5,5,4,4,5,4,5,5,3,3,5,5,4,4,5,2,5,Microsoft teams,2,5,5,5
750,750,Nie ma to dla mnie znaczenia,5,1,5,5,5,4,4,4,5,3,5,5,4,4,5,4,4,4,5,2,5,Microsoft teams,2,4,4,4
751,751,Tak,4,2,5,5,4,5,5,5,4,4,5,5,5,5,5,2,3,2,4,2,5,Microsoft teams,1,5,5,5
752,752,Nie,1,1,2,2,2,3,2,1,1,1,1,2,1,1,3,1,2,1,2,2,3,Microsoft teams,2,5,5,3
753,753,Nie,2,3,2,2,5,5,5,5,1,1,1,1,4,3,4,2,1,4,4,1,2,Microsoft teams,2,5,5,1
754,754,Tak,5,2,5,4,2,5,5,5,4,4,3,5,4,3,2,5,5,4,5,2,4,Microsoft teams,2,3,4,5
755,755,Tak,1,1,5,2,5,5,5,5,5,1,3,5,5,5,5,4,5,3,5,1,2,Microsoft teams,1,4,3,3
756,756,Tak,3,3,4,5,4,4,5,4,2,4,3,4,3,3,4,4,5,5,5,2,5,Microsoft teams,2,5,5,5
757,757,Nie,3,1,2,5,1,3,2,3,1,2,3,2,2,2,4,2,1,1,1,2,4,Microsoft teams,2,4,4,5
758,758,Nie,1,1,3,2,2,2,1,2,1,2,3,2,3,5,3,1,5,2,3,2,3,Zoom,2,3,4,3
759,759,Tak,5,2,5,5,4,3,4,2,4,4,5,4,3,3,3,3,4,4,4,1,5,Microsoft teams,2,5,5,3
760,760,Nie,2,2,2,5,3,4,2,5,1,1,2,1,4,4,5,1,2,1,2,2,2,Discord,1,4,2,4
761,761,Tak,5,2,5,4,2,5,5,5,4,4,3,5,4,3,2,5,5,4,5,2,4,Microsoft teams,2,3,4,5
762,762,Nie ma to dla mnie znaczenia,5,3,4,3,1,4,4,4,3,4,3,4,4,4,5,4,4,3,3,2,5,Microsoft teams,1,2,4,3
763,763,Nie,1,2,3,2,3,3,3,3,1,5,3,2,5,5,5,2,4,2,2,1,2,Microsoft teams,1,1,2,3
764,764,Nie,2,2,2,2,2,1,1,2,1,3,2,1,4,4,2,1,1,1,1,2,1,Microsoft teams,2,5,5,3
765,765,Nie,2,2,2,2,2,1,1,2,1,3,2,1,4,4,2,1,1,1,1,2,1,Microsoft teams,2,5,5,3
766,766,Nie,1,1,2,2,1,2,1,1,2,2,1,2,3,1,1,1,2,1,2,2,2,Microsoft teams,2,4,4,5
767,767,Tak,5,3,5,3,4,3,5,5,3,5,3,5,3,3,5,3,5,4,4,1,5,Microsoft teams,2,5,5,5
768,768,Nie,1,2,3,2,5,4,5,5,2,2,3,4,5,5,3,3,3,3,4,2,5,Microsoft teams,1,4,4,5
769,769,Tak,5,3,5,3,4,3,5,5,3,5,3,5,3,3,5,3,5,4,4,1,5,Microsoft teams,2,5,5,5
770,770,Nie,2,2,2,1,1,1,1,1,1,1,1,1,2,2,5,1,1,1,1,2,2,Microsoft teams,1,2,2,1
771,771,Nie,5,2,3,2,4,5,5,5,1,1,1,3,5,5,5,2,3,1,4,2,3,Microsoft teams,2,4,4,4
772,772,Nie ma to dla mnie znaczenia,2,3,4,3,3,2,3,4,2,2,3,4,3,3,4,3,4,2,3,2,4,Microsoft teams,1,4,5,4
773,773,Tak,2,1,4,5,5,5,5,5,5,5,5,4,1,2,5,4,5,3,5,2,5,Microsoft teams,2,3,3,5
774,774,Nie ma to dla mnie znaczenia,5,3,3,3,3,5,4,5,3,5,5,3,5,5,5,3,3,2,3,2,2,Microsoft teams,2,4,3,5
775,775,Tak,4,3,3,4,2,1,2,4,5,2,1,3,3,3,5,1,5,4,2,2,5,Microsoft teams,1,4,4,1
776,776,Tak,4,3,5,5,2,2,3,3,5,5,5,5,5,4,3,5,5,4,4,2,4,Microsoft teams,2,5,5,5
777,777,Nie,1,2,3,5,1,4,4,5,2,1,4,3,3,4,5,3,3,3,4,2,4,Microsoft teams,1,4,4,5
778,778,Tak,5,3,5,5,4,4,4,4,4,4,5,5,4,4,5,4,5,5,5,2,5,Microsoft teams,1,4,4,5
779,779,Tak,5,2,5,4,4,5,5,5,3,4,4,4,4,3,5,4,4,4,5,2,4,Microsoft teams,2,4,5,5
780,780,Nie,1,1,1,2,2,2,2,3,1,1,3,1,1,1,2,1,2,1,5,2,5,Microsoft teams,2,3,3,3
781,781,Nie,2,3,2,5,2,2,2,4,1,2,2,1,2,1,3,1,3,1,2,2,3,Microsoft teams,2,4,3,5
782,782,Nie,1,2,2,3,2,4,4,3,1,1,1,4,2,1,3,1,4,1,1,2,4,Microsoft teams,2,4,5,3
783,783,Nie ma to dla mnie znaczenia,3,1,4,4,4,3,3,3,4,3,3,4,4,4,5,4,4,3,3,2,3,Microsoft teams,1,4,4,4
784,784,Nie,2,3,3,3,3,5,5,4,3,2,3,3,3,1,5,3,2,2,5,2,3,Microsoft teams,2,4,4,4
785,785,Nie ma to dla mnie znaczenia,5,2,5,5,5,5,5,5,5,5,5,5,5,5,5,5,5,5,5,2,3,Microsoft teams,1,5,5,5
786,786,Tak,5,2,4,5,4,5,5,5,4,5,5,5,4,4,5,4,4,4,5,2,4,Microsoft teams,2,5,5,5
787,787,Nie,2,2,2,5,1,5,4,4,2,2,4,1,4,2,5,1,2,1,2,2,4,Microsoft teams,2,3,3,2
788,788,Nie,1,2,3,2,2,3,3,3,1,2,2,3,3,3,4,2,4,2,2,2,3,Microsoft teams,1,4,4,4
789,789,Tak,3,3,5,4,4,4,4,4,5,5,3,5,4,4,5,5,5,5,5,2,5,Microsoft teams,2,5,5,5
790,790,Tak,5,2,5,5,5,5,5,5,5,5,5,5,5,5,5,5,5,5,5,1,5,Microsoft teams,1,5,5,5
791,791,Tak,4,3,4,5,5,4,4,4,5,4,5,5,4,4,4,4,5,4,5,2,5,Microsoft teams,2,4,4,5
792,792,Nie,2,3,2,3,2,4,4,4,2,2,2,3,4,4,4,2,3,1,2,2,3,Microsoft teams,2,4,4,3
793,793,Nie,4,3,5,5,2,4,4,4,1,3,3,3,2,2,5,2,2,1,3,2,3,Microsoft teams,2,5,5,4
794,794,Tak,5,1,5,5,5,5,5,5,5,5,5,5,5,5,5,5,5,5,5,1,5,Microsoft teams,1,5,5,5
795,795,Tak,4,2,5,2,3,2,2,2,3,4,5,5,5,5,5,4,4,2,5,2,5,Microsoft teams,2,5,5,5
796,796,Tak,1,2,5,5,5,4,4,4,5,5,5,5,5,5,3,4,1,4,5,2,5,Microsoft teams,2,5,5,5
797,797,Tak,5,2,5,5,5,5,5,5,4,5,5,5,5,4,5,4,5,4,5,2,5,Microsoft teams,2,5,5,5
798,798,Nie,3,3,2,2,2,2,2,2,2,2,2,2,3,5,5,2,3,2,2,2,3,Microsoft teams,2,4,4,2
799,799,Nie,1,2,3,4,1,5,4,5,1,3,2,1,4,2,4,1,2,1,4,2,3,Microsoft teams,2,3,2,3
800,800,Nie,1,2,3,1,3,4,4,4,1,2,1,4,5,5,5,1,4,2,3,2,4,Microsoft teams,2,3,4,3
801,801,Nie,3,5,3,3,4,3,1,4,1,3,3,1,3,3,4,2,3,2,2,2,3,Microsoft teams,1,4,5,4
802,802,Nie,2,3,2,3,1,2,5,2,1,2,3,2,1,1,5,1,3,1,2,2,4,Microsoft teams,2,4,5,3
803,803,Nie,2,2,3,2,5,4,3,3,1,4,1,1,2,2,4,1,2,3,3,2,3,Microsoft teams,2,3,3,3
804,804,Nie ma to dla mnie znaczenia,1,2,2,5,4,4,5,4,2,1,3,2,5,3,5,3,3,3,3,2,3,Microsoft teams,2,4,3,4
805,805,Nie ma to dla mnie znaczenia,2,1,2,5,5,2,2,2,3,3,3,1,3,3,5,2,1,3,3,2,4,Microsoft teams,2,5,5,4
806,806,Nie,4,3,4,3,3,5,5,2,3,4,3,3,3,2,5,3,4,3,4,2,3,Microsoft teams,1,3,4,4
807,807,Nie ma to dla mnie znaczenia,1,2,3,2,2,5,4,4,2,1,2,3,2,4,4,3,2,2,3,2,4,Microsoft teams,2,5,5,4
808,808,Nie,1,3,3,2,2,2,2,2,1,1,2,1,5,5,5,2,2,2,2,2,3,Microsoft teams,2,2,3,3
809,809,Tak,3,2,4,5,2,4,3,4,3,4,5,4,3,3,5,4,3,3,3,2,4,Microsoft teams,1,5,5,5
810,810,Tak,5,2,5,5,5,5,5,5,5,5,5,5,5,5,5,5,5,5,5,2,5,Microsoft teams,2,5,5,5
811,811,Tak,4,3,4,4,3,3,3,5,4,5,4,4,3,3,4,4,3,3,5,2,5,Microsoft teams,2,3,3,5
812,812,Nie ma to dla mnie znaczenia,2,2,3,4,2,2,4,2,3,2,5,3,3,3,4,3,2,2,3,2,5,Discord,2,4,4,4
813,813,Nie,1,4,4,2,1,3,4,4,1,1,2,3,5,5,5,1,4,1,1,2,5,Microsoft teams,2,5,4,3
814,814,Tak,4,4,4,4,3,5,3,4,3,4,4,4,3,3,4,4,4,4,4,2,5,Microsoft teams,2,5,5,5
815,815,Nie,5,2,2,1,1,1,1,4,1,1,1,2,2,2,4,1,2,2,2,2,2,Microsoft teams,2,2,2,2
816,816,Nie,1,2,1,1,1,1,1,1,1,1,1,1,3,3,5,1,2,1,1,2,3,Microsoft teams,2,4,4,3
817,817,Tak,5,2,5,5,4,4,4,2,4,5,5,5,3,3,5,4,5,4,4,2,5,Microsoft teams,2,5,5,5
818,818,Tak,4,3,3,5,4,3,4,2,1,4,4,5,4,4,5,3,4,2,5,2,5,Microsoft teams,2,5,5,5
819,819,Nie,1,5,2,1,1,2,2,1,1,1,3,1,4,4,2,2,2,1,1,2,3,Microsoft teams,2,3,5,3
820,820,Tak,4,3,4,4,2,5,5,5,4,4,4,4,2,3,5,4,4,4,4,2,5,Microsoft teams,2,2,2,3
821,821,Nie,1,2,3,2,2,4,4,5,1,1,2,4,5,3,5,4,3,2,4,1,4,Microsoft teams,2,4,5,3
822,822,Tak,4,3,5,5,5,5,5,5,5,4,5,5,5,5,5,5,5,5,5,2,5,Microsoft teams,1,5,5,5
823,823,Tak,4,2,4,4,4,4,4,2,5,4,5,3,3,3,3,4,4,4,4,2,4,Microsoft teams,1,5,5,3
824,824,Nie,2,3,4,3,2,2,3,2,2,2,2,3,2,2,2,2,4,2,2,2,4,Microsoft teams,2,4,4,4
825,825,Nie ma to dla mnie znaczenia,1,5,1,1,1,1,1,1,1,1,1,1,1,1,1,1,1,1,1,1,1,Microsoft teams,1,1,1,1
826,826,Nie,4,3,3,3,3,5,5,5,3,3,1,2,2,2,2,2,1,1,5,2,4,Microsoft teams,2,3,3,3
827,827,Nie,4,3,4,3,3,1,2,1,1,4,3,4,2,2,4,1,3,1,1,2,3,Microsoft teams,2,4,5,5
828,828,Nie ma to dla mnie znaczenia,3,2,3,4,3,4,5,5,4,3,4,3,4,3,4,4,4,3,5,1,3,Microsoft teams,1,4,4,5
829,829,Nie ma to dla mnie znaczenia,4,3,4,3,4,5,5,5,5,4,1,4,5,5,5,2,4,2,2,1,4,Microsoft teams,1,3,4,4
830,830,Tak,2,4,4,5,4,5,4,4,4,2,5,4,2,2,5,4,5,3,5,2,4,Microsoft teams,2,3,3,5
831,831,Tak,3,2,5,3,2,3,5,2,4,3,3,4,2,1,5,4,5,3,3,2,4,Microsoft teams,2,5,5,5
832,832,Tak,3,2,5,5,4,5,4,4,3,3,4,5,4,4,5,4,4,4,4,2,4,Microsoft teams,2,5,5,5
833,833,Nie,2,2,4,3,2,2,2,2,2,3,2,3,3,4,5,2,2,2,2,2,4,Microsoft teams,1,3,4,3
834,834,Nie,2,4,2,2,3,3,3,5,1,2,2,2,4,4,5,1,1,1,2,2,3,Microsoft teams,2,2,4,4
835,835,Nie,4,2,3,2,2,1,3,1,1,4,2,1,1,3,5,1,2,1,1,2,3,Microsoft teams,1,4,4,3
836,836,Nie,5,1,3,1,1,4,3,2,1,1,2,3,4,2,4,1,3,2,4,2,4,Microsoft teams,1,3,3,4
837,837,Nie,2,3,3,3,3,5,5,5,2,2,2,2,4,4,5,2,2,2,3,2,4,Microsoft teams,2,3,3,2
838,838,Nie,1,2,4,5,3,3,3,3,1,1,2,2,3,3,4,2,2,1,3,2,4,Microsoft teams,2,4,4,2
839,839,Nie,2,3,2,5,5,4,3,4,2,2,4,2,4,4,5,2,2,2,3,2,2,Microsoft teams,2,4,4,4
840,840,Tak,3,3,3,3,3,4,5,4,3,3,4,3,4,2,5,3,2,3,4,2,4,Microsoft teams,2,4,4,4
841,841,Tak,2,2,4,5,5,4,4,4,5,4,5,5,5,4,5,5,5,5,5,1,5,Microsoft teams,2,5,5,5
842,842,Tak,5,2,4,5,5,5,5,5,5,5,5,4,3,2,5,5,5,4,5,2,5,Microsoft teams,1,5,5,5
843,843,Tak,1,4,4,1,2,1,1,1,2,1,4,4,4,5,4,1,5,1,1,1,5,Microsoft teams,2,2,4,3
844,844,Nie,1,2,3,2,1,1,2,1,1,1,1,3,5,5,5,2,4,1,4,2,5,Microsoft teams,2,5,4,3
845,845,Nie,1,3,2,5,1,1,1,2,1,2,1,1,1,1,5,1,3,1,1,2,3,Microsoft teams,1,3,3,4
846,846,Nie,1,3,2,5,1,1,1,2,1,2,1,1,1,1,5,1,3,1,1,2,3,Microsoft teams,1,3,3,4
847,847,Tak,4,3,5,5,3,5,5,5,5,4,5,3,5,5,2,4,4,4,5,2,5,Microsoft teams,2,5,5,4
848,848,Tak,4,3,5,5,3,5,5,5,5,4,5,3,5,5,2,4,4,4,5,2,5,Microsoft teams,2,5,5,4
849,849,Nie ma to dla mnie znaczenia,1,3,3,1,5,5,5,5,1,1,2,2,4,4,1,3,1,2,4,2,5,Microsoft teams,2,3,2,2
850,850,Nie ma to dla mnie znaczenia,4,3,5,5,4,5,5,5,4,3,4,4,3,1,3,4,3,4,4,2,5,Microsoft teams,1,5,5,4
851,851,Nie ma to dla mnie znaczenia,3,5,5,2,2,5,5,2,1,3,2,1,5,5,5,2,3,1,3,2,4,Microsoft teams,2,4,5,3
852,852,Nie,1,2,4,2,5,5,5,5,4,1,4,3,5,2,3,4,4,1,5,2,4,Microsoft teams,2,4,4,5
853,853,Nie,4,2,5,2,2,5,5,5,2,4,5,4,3,2,5,2,5,1,3,2,3,Microsoft teams,2,4,4,5
854,854,Nie ma to dla mnie znaczenia,4,2,5,5,4,4,4,4,4,4,4,4,4,4,5,4,5,4,4,2,5,Microsoft teams,1,5,5,5
855,855,Nie,1,3,2,5,1,1,1,2,1,2,1,1,1,1,5,1,3,1,1,2,3,Microsoft teams,1,3,3,4
856,856,Tak,3,4,5,3,3,5,5,5,3,2,5,5,3,3,5,4,5,4,4,2,5,Microsoft teams,2,4,5,5
857,857,Tak,3,3,3,5,4,4,4,4,5,3,5,5,4,4,5,4,5,4,4,2,5,Microsoft teams,1,4,4,5
858,858,Tak,2,2,5,5,5,5,5,5,5,2,5,5,4,1,5,5,5,5,5,2,5,Microsoft teams,1,5,5,5
859,859,Tak,2,2,5,5,5,5,5,5,5,2,5,5,4,1,5,5,5,5,5,2,5,Microsoft teams,1,5,5,5
860,860,Nie ma to dla mnie znaczenia,4,1,4,3,3,4,5,2,3,4,4,4,2,3,5,3,3,3,4,2,4,Microsoft teams,2,3,4,4
