stacjo_id,student_id,st_pyt1,st_pyt2,st_pyt3,st_pyt4,st_pyt5,st_pyt6,st_pyt7,st_pyt8,st_pyt9,st_pyt10,st_pyt11,st_pyt12,st_pyt13,st_pyt14,st_pyt15,st_pyt16,st_pyt17,st_pyt18,st_pyt19,st_pyt20,st_pyt21,st_pyt22
1,1,Nie ma to dla mnie znaczenia,2,5,3,3,3,3,3,3,3,3,3,4,3,3,3,4,4,4,4,1,4
2,2,Tak,3,2,4,4,4,5,4,4,4,4,3,3,4,4,3,4,4,4,4,1,3
3,3,Tak,4,2,4,4,3,4,4,4,3,3,4,4,4,4,4,4,4,4,4,1,5
4,4,Tak,4,2,5,4,3,4,4,2,4,5,3,4,5,4,3,4,5,5,4,2,4
5,5,Nie,3,2,5,4,4,5,5,5,4,5,5,3,4,5,1,4,5,3,4,2,5
6,6,Nie,1,2,3,3,2,3,5,2,2,1,3,2,4,3,3,1,2,1,1,2,3
7,7,Tak,3,2,5,5,5,5,5,5,5,5,4,5,5,5,5,5,5,5,5,1,5
8,8,Tak,3,3,4,5,4,3,4,5,4,3,5,4,3,5,5,5,5,5,4,2,4
9,9,Tak,4,3,4,4,4,3,4,4,5,5,4,4,4,4,4,4,5,4,4,2,4
10,10,Tak,3,2,4,4,5,5,5,5,3,3,3,3,4,4,5,3,4,4,3,1,3
11,11,Tak,4,4,5,4,5,5,5,5,5,4,5,4,4,4,5,5,5,5,4,2,5
12,12,Tak,4,2,4,4,3,3,3,3,4,2,3,3,3,3,4,3,4,3,2,1,4
13,13,Tak,3,2,4,4,4,5,5,4,5,3,4,5,3,3,4,5,5,5,5,1,4
14,14,Tak,3,2,3,4,4,5,5,1,5,2,4,4,3,3,4,5,4,5,4,1,3
15,15,Tak,3,2,5,4,4,4,5,4,4,3,5,5,5,4,3,5,5,4,5,1,4
16,16,Tak,4,2,3,2,4,5,3,5,4,3,4,4,5,4,4,4,3,4,5,1,4
17,17,Tak,3,2,4,4,4,5,5,5,4,3,5,4,5,5,5,4,5,4,4,2,4
18,18,Tak,3,3,4,3,2,3,4,5,3,3,4,4,3,3,4,4,4,4,4,2,4
19,19,Tak,3,2,5,4,3,5,5,5,5,3,5,5,5,5,5,5,5,4,4,2,4
20,20,Nie,2,2,4,2,1,4,4,4,3,2,3,3,3,4,4,4,3,2,4,2,3
21,21,Nie,1,3,5,3,4,4,3,1,3,2,5,4,4,1,1,3,4,3,5,2,4
22,22,Tak,2,2,3,3,3,5,5,5,3,2,4,2,5,4,3,3,4,4,5,1,3
23,23,Tak,3,2,4,3,3,2,2,4,4,2,4,4,4,4,4,3,3,3,3,2,4
24,24,Nie ma to dla mnie znaczenia,4,2,3,2,3,3,4,3,2,1,4,2,1,2,5,2,4,3,4,2,4
25,25,Tak,2,2,4,2,2,3,3,3,5,2,5,4,3,3,3,5,5,5,4,1,4
26,26,Nie,2,2,3,3,2,5,5,5,1,2,1,2,2,2,5,3,2,1,3,2,2
27,27,Tak,3,3,4,3,3,3,4,3,3,2,3,3,3,4,3,3,3,3,4,1,2
28,28,Nie ma to dla mnie znaczenia,2,2,4,4,3,5,5,2,4,3,4,3,2,2,3,4,4,4,4,2,4
29,29,Tak,4,2,4,3,2,5,5,3,4,2,3,4,4,3,4,4,2,4,4,2,3
30,30,Tak,4,2,5,4,4,4,4,5,5,3,4,4,4,4,5,4,4,4,4,2,4
31,31,Tak,3,4,4,3,2,4,2,3,2,3,2,2,1,1,4,2,2,1,4,2,4
32,32,Nie ma to dla mnie znaczenia,2,2,3,2,2,5,5,5,3,2,4,2,3,3,5,2,2,3,3,1,3
33,33,Tak,3,2,3,3,4,4,5,4,3,2,2,3,4,5,5,4,3,3,3,2,3
34,34,Tak,4,3,5,3,3,5,4,5,5,3,5,5,5,4,3,4,5,3,4,2,5
35,35,Tak,3,2,4,4,4,5,5,5,4,2,3,3,2,4,5,4,4,4,3,2,3
36,36,Nie ma to dla mnie znaczenia,3,3,5,4,5,5,5,5,5,3,4,5,3,4,4,5,5,4,4,1,4
37,37,Tak,3,3,4,4,4,4,4,4,4,3,4,5,4,4,4,5,5,5,5,1,5
38,38,Tak,1,2,5,3,5,5,5,5,2,1,5,5,3,5,5,5,5,5,5,1,3
39,39,Tak,3,3,5,3,5,5,5,5,5,3,5,5,3,5,4,5,5,5,5,2,3
40,40,Nie,2,3,2,1,4,4,5,5,2,2,3,2,5,5,4,4,4,1,5,1,5
41,41,Nie ma to dla mnie znaczenia,4,3,3,4,2,3,4,4,4,4,5,4,4,4,3,5,4,4,3,2,3
42,42,Tak,3,2,4,4,3,3,4,3,4,3,4,3,4,4,5,4,4,4,4,1,3
43,43,Nie ma to dla mnie znaczenia,3,2,3,5,5,3,4,4,2,3,5,3,3,1,3,2,3,4,4,1,4
44,44,Tak,3,3,5,4,2,4,5,4,4,3,5,4,4,4,5,4,5,4,4,2,5
45,45,Tak,3,3,5,4,3,4,3,2,4,3,4,4,5,5,4,4,4,4,5,2,4
46,46,Nie,2,1,2,1,2,2,1,2,1,4,5,3,2,2,5,2,2,1,3,2,2
47,47,Tak,4,2,4,3,2,5,5,5,4,2,5,4,3,3,5,4,4,5,5,2,2
48,48,Nie,4,3,3,3,3,3,4,2,3,2,3,3,3,1,5,3,3,2,3,2,3
49,49,Tak,4,3,4,4,2,4,3,3,3,4,4,4,4,3,4,3,4,4,3,2,4
50,50,Nie,5,2,2,2,1,2,3,2,2,2,3,4,3,5,2,3,4,4,1,2,2
51,51,Nie ma to dla mnie znaczenia,4,2,4,4,3,4,4,4,3,2,3,4,3,3,4,3,3,4,4,2,3
52,52,Nie ma to dla mnie znaczenia,3,5,4,4,3,5,5,5,1,1,4,2,5,2,5,3,3,1,4,1,3
53,53,Nie ma to dla mnie znaczenia,4,2,4,3,3,4,4,2,3,4,3,4,2,1,2,4,4,4,4,2,3
54,54,Nie ma to dla mnie znaczenia,2,3,4,4,5,5,3,4,4,4,4,4,3,4,2,5,4,3,3,2,4
55,55,Nie ma to dla mnie znaczenia,3,3,4,3,2,4,4,4,3,5,3,4,4,4,3,3,3,3,4,2,3
56,56,Tak,2,3,3,3,2,4,4,3,3,2,2,4,4,4,5,4,3,3,4,1,2
57,57,Tak,4,3,5,3,1,5,5,1,5,3,4,4,4,4,2,4,3,2,5,2,3
58,58,Tak,5,3,5,4,4,5,5,5,5,5,5,5,3,4,4,4,5,4,4,2,5
59,59,Tak,3,3,3,3,3,4,3,3,4,3,3,3,4,4,4,4,3,3,4,1,3
60,60,Nie,3,2,4,5,1,5,5,5,3,5,3,3,4,2,5,4,5,5,4,1,4
61,61,Nie,1,1,3,1,5,3,3,3,1,1,1,3,5,5,5,1,3,1,5,2,3
62,62,Nie ma to dla mnie znaczenia,1,3,3,5,2,1,2,3,1,3,3,3,2,1,5,1,4,2,3,2,5
63,63,Nie,3,3,3,1,2,4,5,4,1,3,1,2,4,4,3,3,4,3,3,2,3
64,64,Nie,2,3,4,4,1,4,4,4,3,2,3,5,2,2,5,3,5,4,3,2,4
65,65,Nie,3,3,4,4,3,5,5,5,3,3,3,3,3,3,5,3,2,2,3,2,3
66,66,Nie,5,1,1,1,3,1,1,1,1,1,1,1,5,5,1,1,3,2,2,1,1
67,67,Nie ma to dla mnie znaczenia,2,2,3,4,4,4,4,4,4,3,3,4,5,3,4,4,3,4,3,1,3
68,68,Nie ma to dla mnie znaczenia,4,3,3,3,3,4,3,4,1,2,3,2,3,3,5,2,3,2,2,2,2
69,69,Tak,4,2,5,4,4,4,4,4,4,5,3,5,4,5,2,4,4,4,4,2,3
70,70,Nie,4,2,4,3,2,5,5,5,3,2,2,3,3,2,4,3,4,3,4,1,3
71,71,Nie ma to dla mnie znaczenia,2,3,3,3,2,4,3,5,3,4,3,3,3,2,4,4,4,3,3,1,3
72,72,Nie,5,2,5,5,5,5,5,5,5,4,4,4,3,4,5,4,3,3,4,1,5
73,73,Tak,3,2,3,4,2,4,4,4,3,3,4,3,5,2,5,4,4,3,4,1,5
74,74,Tak,5,2,5,5,4,4,5,4,4,5,4,4,3,2,4,5,4,4,5,2,4
75,75,Nie,2,1,3,2,5,2,2,2,3,1,3,3,2,4,4,2,3,2,2,2,4
76,76,Tak,3,2,4,3,4,4,4,4,3,2,3,3,5,4,2,4,5,4,4,2,4
77,77,Nie ma to dla mnie znaczenia,4,3,5,4,5,4,4,1,3,4,3,3,3,2,3,3,3,3,3,1,3
78,78,Nie ma to dla mnie znaczenia,5,2,3,1,4,3,2,3,2,2,3,3,4,4,5,3,3,2,3,2,3
79,79,Nie,3,4,3,5,1,3,3,4,1,2,3,3,2,2,3,3,3,3,3,2,2
80,80,Tak,3,2,4,4,1,1,2,5,1,2,3,4,3,4,5,2,3,3,4,2,4
81,81,Nie,3,2,4,2,2,3,5,3,4,2,2,3,2,4,5,3,4,4,4,2,3
82,82,Tak,3,2,5,4,4,5,5,5,4,3,5,4,4,4,5,5,5,5,4,2,4
83,83,Nie,1,2,2,3,3,1,3,5,2,3,4,4,2,3,5,2,4,4,2,2,4
84,84,Tak,2,3,5,4,2,3,3,4,3,4,4,4,5,5,5,5,5,3,5,2,4
85,85,Tak,1,3,4,1,3,4,4,4,4,4,4,4,2,3,3,4,3,4,3,1,5
86,86,Nie,2,3,4,5,2,4,3,4,2,1,4,4,5,5,4,3,5,4,5,1,2
87,87,Tak,5,2,3,3,2,4,5,2,3,3,5,3,4,2,2,3,2,3,4,2,4
88,88,Tak,5,2,5,5,4,4,4,2,4,5,5,5,5,5,2,5,5,5,5,1,5
89,89,Nie ma to dla mnie znaczenia,4,2,4,1,1,4,5,5,2,4,3,3,2,1,5,3,5,5,4,2,3
90,90,Tak,3,3,5,1,4,5,5,5,4,2,2,4,5,5,5,5,5,5,5,1,5
91,91,Nie,1,3,3,3,3,3,5,5,2,1,3,3,3,4,5,3,3,2,2,1,3
92,92,Tak,5,2,3,3,3,4,4,3,5,5,4,5,4,3,5,5,5,5,5,1,2
93,93,Tak,3,3,5,4,5,5,4,5,4,2,5,4,4,5,5,4,4,5,4,2,2
94,94,Tak,2,3,5,4,4,4,2,4,3,3,4,4,2,4,4,4,5,4,3,2,5
95,95,Tak,1,3,4,2,2,4,4,5,2,3,1,4,4,4,4,3,3,3,3,2,4
96,96,Nie,5,5,2,2,4,3,3,3,3,3,3,3,3,3,3,3,3,3,3,2,1
97,97,Tak,3,2,5,4,3,5,5,5,3,3,4,4,4,4,4,4,5,4,4,2,5
98,98,Tak,3,2,5,5,4,4,4,3,4,3,4,4,4,5,4,5,5,5,3,1,3
99,99,Nie,4,2,3,2,1,3,3,4,2,4,3,2,4,4,5,3,3,3,4,1,4
100,100,Tak,2,2,4,4,4,4,4,4,4,2,3,4,4,3,5,4,4,5,4,2,3
101,101,Nie ma to dla mnie znaczenia,1,2,4,3,5,4,5,5,4,2,2,4,3,3,5,2,3,4,3,2,5
102,102,Nie ma to dla mnie znaczenia,2,2,3,3,1,2,2,1,4,4,3,3,2,1,5,1,4,1,2,2,3
103,103,Nie ma to dla mnie znaczenia,2,4,4,4,2,3,4,4,5,2,4,4,5,4,5,4,5,5,4,2,2
104,104,Tak,1,2,5,4,2,5,5,1,5,1,5,5,5,5,5,5,5,3,3,1,1
105,105,Nie,2,2,5,3,3,4,5,4,3,2,2,2,5,5,5,4,5,4,5,2,3
106,106,Tak,3,3,4,3,3,4,4,5,4,3,4,4,3,3,4,5,4,3,4,2,3
107,107,Tak,5,2,5,4,2,4,4,4,5,4,5,4,5,5,3,5,4,4,5,2,5
108,108,Nie,5,2,1,1,4,1,2,5,1,5,2,5,4,4,3,1,1,1,2,1,4
109,109,Nie ma to dla mnie znaczenia,2,2,5,5,5,5,5,5,5,2,4,5,4,4,4,5,5,5,5,1,5
110,110,Nie,3,2,5,3,1,5,5,2,5,5,4,4,5,3,4,4,4,3,5,2,5
111,111,Tak,3,2,5,4,3,4,3,4,4,4,5,4,5,4,4,4,5,5,5,2,5
112,112,Tak,3,2,4,4,4,5,5,1,5,2,4,5,4,4,2,5,4,4,4,2,5
113,113,Tak,3,3,4,5,5,5,5,5,4,3,5,4,3,3,5,4,4,5,4,1,5
114,114,Nie,1,4,3,3,3,3,5,2,2,1,1,3,5,2,4,3,5,4,4,2,2
115,115,Nie,4,2,4,3,3,4,4,4,3,2,5,3,3,2,5,4,5,5,4,1,4
116,116,Tak,5,2,5,5,4,5,4,1,4,4,5,5,3,3,4,4,5,5,4,2,5
117,117,Nie ma to dla mnie znaczenia,3,3,5,3,3,5,4,5,3,5,3,4,4,2,2,4,5,4,4,2,5
118,118,Nie ma to dla mnie znaczenia,2,2,4,4,3,5,5,5,4,3,3,4,4,4,2,4,4,5,4,2,4
119,119,Nie,1,1,3,3,1,2,3,3,1,1,2,2,5,4,5,2,3,1,3,1,3
120,120,Tak,4,5,3,4,3,4,5,4,4,5,4,4,2,3,3,4,5,5,4,1,4
121,121,Tak,4,2,4,4,4,5,5,5,4,4,5,3,4,4,5,5,5,5,5,2,4
122,122,Tak,3,3,5,2,4,4,5,4,4,2,4,3,1,1,1,3,5,4,4,1,4
123,123,Nie,4,1,4,2,2,4,4,2,3,3,3,3,3,3,4,4,3,3,4,2,3
124,124,Tak,3,5,4,4,4,5,5,5,5,3,5,5,5,5,4,5,5,5,5,2,5
125,125,Nie ma to dla mnie znaczenia,4,2,4,2,5,5,5,5,5,3,4,5,5,5,5,5,5,5,5,2,4
126,126,Tak,1,3,4,5,3,5,4,5,4,3,5,4,4,2,3,4,4,4,5,2,4
127,127,Tak,3,2,4,3,4,4,3,3,5,4,5,4,4,4,1,5,4,4,4,2,4
128,128,Nie,2,2,4,3,3,4,4,4,3,2,3,3,3,3,2,3,5,3,4,2,4
129,129,Nie,1,2,2,1,5,3,3,3,3,5,1,3,5,5,1,3,1,1,3,2,1
130,130,Tak,4,1,4,3,3,4,4,4,4,1,3,3,4,2,4,4,4,2,4,2,2
131,131,Nie ma to dla mnie znaczenia,1,2,5,3,3,4,4,4,2,1,4,3,5,3,5,5,5,4,4,2,3
132,132,Nie,2,3,4,1,3,5,4,3,3,2,3,4,5,4,4,4,5,4,5,2,4
133,133,Tak,2,3,3,5,4,4,2,5,3,3,3,3,4,2,5,3,4,4,3,2,4
134,134,Tak,3,2,4,3,5,5,5,5,4,2,4,4,4,4,5,4,3,4,4,1,4
135,135,Tak,5,1,4,4,5,2,5,4,3,1,3,3,5,5,3,2,2,2,2,2,2
136,136,Tak,2,1,4,3,3,3,3,3,3,3,4,3,4,4,5,4,4,4,4,1,4
137,137,Nie ma to dla mnie znaczenia,2,3,3,2,3,4,3,4,3,4,3,3,2,2,4,3,3,4,4,2,4
138,138,Nie,1,2,3,2,1,5,1,1,1,2,1,2,4,3,3,1,3,1,4,2,1
139,139,Nie,1,1,3,1,3,2,1,4,3,2,2,2,2,2,3,5,5,3,5,2,3
140,140,Nie,1,2,4,3,1,3,3,3,3,2,5,4,3,3,5,2,3,2,3,2,2
141,141,Nie,2,3,3,1,1,3,3,3,3,2,2,2,1,1,5,2,3,1,3,2,2
142,142,Tak,4,2,5,3,2,5,4,5,4,5,5,5,5,4,4,4,5,5,5,2,5
143,143,Nie,1,1,1,1,1,1,1,1,1,1,1,1,1,1,1,1,1,1,1,2,1
144,144,Nie,1,2,3,2,3,4,3,4,3,5,2,3,4,4,3,3,3,2,4,2,2
145,145,Nie,4,4,3,3,2,4,4,3,2,4,3,3,3,4,2,3,4,3,3,2,1
146,146,Nie ma to dla mnie znaczenia,1,4,2,1,2,2,3,3,3,1,3,2,5,4,3,4,2,4,3,1,2
147,147,Tak,2,3,4,4,2,2,2,2,2,3,2,3,4,5,2,4,5,4,4,2,4
148,148,Tak,4,5,4,4,3,4,4,3,5,4,4,5,3,3,4,5,5,5,3,2,5
149,149,Nie,2,4,3,3,2,3,3,3,3,3,2,3,2,3,5,2,3,3,3,2,3
150,150,Tak,3,3,4,4,3,4,5,4,4,4,4,4,2,4,3,4,4,5,3,2,3
151,151,Tak,5,2,4,5,4,5,4,4,5,3,5,4,4,4,3,4,4,4,4,2,5
152,152,Nie ma to dla mnie znaczenia,2,4,5,2,2,5,5,5,3,3,3,4,2,3,5,4,5,3,4,2,3
153,153,Tak,4,2,4,4,2,4,4,4,2,3,5,4,5,5,5,2,4,2,4,2,4
154,154,Nie,4,2,4,3,3,4,4,4,3,4,4,3,5,2,5,3,2,3,4,1,3
155,155,Nie,2,2,4,1,3,2,2,4,2,2,3,3,5,5,4,4,5,3,3,2,3
156,156,Nie,4,2,3,3,3,3,3,3,1,1,1,1,5,3,3,2,3,2,2,2,1
157,157,Tak,3,2,4,3,4,5,5,3,5,3,5,4,3,3,5,4,2,5,5,2,4
158,158,Nie,1,1,3,1,2,3,3,3,1,1,1,3,3,3,3,3,3,1,4,2,2
159,159,Nie,4,4,4,2,3,4,4,2,2,4,2,3,5,3,3,4,4,2,4,2,2
160,160,Tak,4,3,5,4,4,5,5,5,5,5,5,5,5,4,4,5,4,5,3,2,4
161,161,Nie,1,2,3,3,1,5,4,5,4,1,2,4,4,1,4,3,4,3,5,2,3
162,162,Nie ma to dla mnie znaczenia,3,4,4,4,2,5,4,5,3,3,5,4,4,4,5,4,5,3,5,2,3
163,163,Tak,2,3,4,5,5,3,4,4,4,3,4,4,4,4,2,4,3,2,3,1,5
164,164,Nie,5,2,2,1,1,3,2,3,2,2,1,4,2,2,5,3,4,3,3,2,3
165,165,Tak,5,2,5,4,4,5,5,5,5,4,4,4,5,5,5,4,4,4,4,1,3
166,166,Tak,3,5,5,5,2,5,5,5,5,3,3,2,4,1,5,4,4,5,4,2,4
167,167,Tak,4,2,3,3,4,5,5,5,5,5,5,4,4,4,3,4,5,5,4,2,5
168,168,Nie,1,2,4,2,1,3,3,3,3,1,4,4,4,4,3,3,4,3,3,1,3
169,169,Tak,3,4,4,3,3,4,4,4,4,3,3,4,3,3,4,4,4,3,2,2,3
170,170,Nie,3,2,4,4,3,4,5,5,3,2,5,4,5,5,4,4,4,4,4,2,4
171,171,Nie ma to dla mnie znaczenia,2,2,4,4,3,5,5,5,4,3,4,4,3,3,5,4,4,4,4,2,4
172,172,Tak,3,2,5,4,4,4,4,2,5,5,5,5,5,5,5,5,5,4,4,1,4
173,173,Tak,3,2,5,5,4,5,5,5,5,5,4,5,5,3,5,5,5,5,4,2,5
174,174,Tak,5,3,5,5,4,5,4,3,5,3,5,5,3,3,3,5,5,5,4,1,5
175,175,Nie,3,4,5,4,3,5,5,1,4,3,4,3,5,5,4,4,5,5,4,2,4
176,176,Nie,1,2,5,4,1,5,5,1,3,5,3,4,1,1,5,4,2,3,3,2,3
177,177,Tak,3,2,4,1,3,4,4,5,3,3,2,4,3,4,5,3,4,3,3,2,4
178,178,Nie,1,2,3,2,1,4,4,4,2,2,2,3,3,2,4,3,3,3,4,2,2
179,179,Tak,3,2,3,2,3,4,4,3,4,4,3,3,4,4,5,3,4,3,3,2,3
180,180,Nie,5,2,2,2,3,4,4,4,2,5,2,2,3,2,4,2,2,2,3,2,2
181,181,Nie,3,3,4,4,1,1,1,1,1,3,1,3,2,4,5,1,3,1,1,2,1
182,182,Nie,5,2,4,2,1,1,1,1,1,1,1,2,2,2,3,1,3,1,2,2,5
183,183,Tak,3,2,4,3,4,5,4,5,4,3,3,3,5,1,5,5,5,5,5,2,3
184,184,Nie ma to dla mnie znaczenia,3,4,3,3,3,4,4,2,4,1,4,4,3,3,2,3,5,5,4,1,4
185,185,Tak,4,3,4,2,2,3,4,4,3,2,2,3,3,3,1,3,4,4,4,2,4
186,186,Nie ma to dla mnie znaczenia,4,2,2,4,3,5,5,5,4,3,3,3,4,3,3,3,3,4,3,2,3
187,187,Nie,4,2,4,3,3,5,5,5,5,3,4,3,4,4,3,4,4,4,5,1,2
188,188,Tak,3,2,3,3,3,3,4,2,4,3,4,4,2,2,5,3,3,3,4,2,3
189,189,Nie ma to dla mnie znaczenia,3,3,2,3,4,2,4,2,3,4,3,2,1,3,4,3,2,3,3,2,3
190,190,Nie ma to dla mnie znaczenia,1,3,5,4,2,5,5,5,3,2,5,5,3,1,4,4,4,4,4,1,3
191,191,Tak,3,2,4,5,3,4,5,4,5,3,5,4,5,5,2,5,5,4,5,2,4
192,192,Tak,3,3,4,3,3,5,5,5,4,4,3,4,4,4,5,4,4,4,4,2,4
193,193,Nie,1,2,3,1,2,3,5,3,1,1,3,4,3,3,5,1,3,1,3,2,4
194,194,Tak,3,2,5,4,3,5,5,5,4,4,4,4,5,3,4,5,5,5,5,1,5
195,195,Tak,3,3,5,5,5,4,5,5,4,4,4,5,5,5,4,4,4,4,5,1,5
196,196,Nie,2,2,2,2,2,2,2,2,1,1,2,5,3,3,2,3,2,2,2,2,1
197,197,Tak,3,2,4,3,2,3,4,2,4,3,5,4,5,3,3,5,5,4,5,2,4
198,198,Tak,2,2,3,4,3,4,4,4,4,2,4,4,3,3,4,4,3,4,4,2,3
199,199,Nie ma to dla mnie znaczenia,4,2,3,3,1,3,3,4,3,4,4,3,4,4,4,4,4,4,3,2,3
200,200,Nie ma to dla mnie znaczenia,2,4,4,4,2,3,4,3,3,2,4,4,3,3,4,3,4,3,3,2,3
201,201,Nie ma to dla mnie znaczenia,3,2,5,5,3,3,3,4,4,4,4,5,3,5,5,4,4,4,4,2,3
202,202,Nie,1,2,3,4,2,4,5,3,2,2,2,4,2,3,2,3,4,4,2,1,2
203,203,Tak,3,2,4,4,4,3,4,5,4,5,4,4,5,5,4,4,5,4,4,2,4
204,204,Nie ma to dla mnie znaczenia,4,3,4,4,4,5,5,1,4,3,4,4,3,3,5,4,4,3,4,2,4
205,205,Nie,1,3,4,2,3,3,3,3,3,2,2,2,4,4,4,3,4,4,4,1,3
206,206,Nie ma to dla mnie znaczenia,2,2,3,2,3,4,4,4,4,2,5,4,4,4,4,4,4,4,4,2,2
207,207,Tak,4,2,5,3,3,5,5,5,4,4,4,4,3,2,3,4,5,5,5,2,4
208,208,Tak,4,2,5,5,3,5,5,5,5,5,5,5,3,3,2,5,5,5,5,2,5
209,209,Nie ma to dla mnie znaczenia,2,4,3,2,3,4,4,4,3,3,3,3,4,2,3,4,4,3,3,2,3
210,210,Nie,2,2,4,1,2,4,4,2,2,4,4,3,5,2,2,1,4,2,5,2,4
211,211,Nie ma to dla mnie znaczenia,1,2,4,3,2,4,4,4,3,3,3,3,4,4,5,4,4,3,4,2,5
212,212,Tak,4,2,5,3,5,5,5,5,4,3,4,4,5,3,5,4,5,5,5,1,3
213,213,Tak,3,3,4,4,4,5,5,5,4,5,4,3,4,3,3,4,4,4,5,1,4
214,214,Nie ma to dla mnie znaczenia,1,2,4,3,3,5,5,1,4,5,4,4,4,3,3,4,4,4,5,1,4
215,215,Nie ma to dla mnie znaczenia,5,1,3,4,4,5,5,1,5,5,5,5,4,4,5,3,3,5,3,2,4
216,216,Tak,4,5,5,5,4,4,4,5,5,5,5,5,5,2,3,5,5,5,5,1,4
217,217,Tak,3,3,4,3,3,4,4,3,3,3,4,3,3,2,3,3,4,3,3,2,3
218,218,Tak,5,3,5,5,5,5,5,5,5,5,5,5,5,5,5,5,5,5,5,1,5
219,219,Nie,2,2,3,3,2,4,3,4,2,2,3,3,3,3,3,3,4,2,3,2,3
220,220,Tak,3,2,4,4,5,5,5,5,5,3,4,5,5,3,5,4,4,4,5,1,3
221,221,Tak,5,1,4,4,3,5,5,5,4,5,3,4,3,2,4,5,4,4,5,2,4
222,222,Nie ma to dla mnie znaczenia,4,2,4,2,5,5,5,5,5,3,4,5,5,5,5,5,5,5,5,2,4
223,223,Nie,2,2,4,3,3,2,2,2,2,4,2,3,3,4,5,4,4,4,3,2,3
224,224,Nie,5,2,5,4,5,5,5,5,5,3,5,5,5,3,1,4,5,5,5,2,5
225,225,Tak,4,2,5,5,3,4,5,4,4,3,4,5,3,3,5,4,5,4,4,2,4
226,226,Nie ma to dla mnie znaczenia,1,2,3,3,2,2,2,3,2,1,3,3,3,3,3,3,3,2,3,2,3
227,227,Tak,2,3,4,4,5,4,4,4,4,3,4,3,2,2,4,4,4,4,5,2,3
228,228,Nie,2,3,3,5,2,5,5,5,4,2,4,4,4,5,2,4,4,4,5,2,4
229,229,Nie,1,2,4,3,3,5,2,2,2,1,4,3,4,2,3,2,4,2,3,2,4
230,230,Tak,2,3,4,2,3,4,4,4,2,2,4,3,4,4,3,4,4,4,4,2,3
231,231,Nie,3,2,4,3,1,4,3,2,3,2,3,3,4,2,3,2,3,3,4,2,3
232,232,Tak,2,4,4,4,3,4,3,5,2,2,5,3,2,4,5,5,5,5,5,2,3
233,233,Tak,3,5,5,4,5,5,5,5,4,4,4,4,5,5,5,4,4,4,4,2,4
234,234,Tak,3,3,4,4,3,5,5,4,5,4,5,3,3,3,3,4,5,5,3,2,3
235,235,Tak,3,2,2,4,3,3,1,2,4,4,3,4,3,5,5,4,5,5,5,2,4
236,236,Tak,5,2,5,5,2,5,5,5,5,5,5,5,2,2,5,5,5,5,5,2,5
237,237,Nie ma to dla mnie znaczenia,3,2,4,2,4,5,5,4,4,3,4,4,3,4,3,4,4,2,4,2,4
238,238,Nie ma to dla mnie znaczenia,2,2,4,2,2,5,4,4,4,2,2,3,5,2,2,4,3,5,5,2,4
239,239,Tak,3,2,4,3,4,5,5,3,5,3,5,4,3,3,5,4,2,5,5,2,4
240,240,Tak,4,2,3,2,4,4,4,4,4,4,4,4,5,2,4,4,5,4,4,1,3
241,241,Nie,3,2,3,4,3,3,3,3,2,1,3,3,4,3,2,2,3,3,3,2,2
242,242,Nie,3,2,3,2,4,5,5,5,5,4,3,3,5,2,4,4,4,3,5,1,3
243,243,Nie,2,2,4,4,3,3,4,3,2,2,3,4,3,3,4,4,4,3,4,2,3
244,244,Nie ma to dla mnie znaczenia,3,2,4,3,3,4,4,4,4,4,3,4,4,4,5,4,4,4,4,2,3
245,245,Tak,3,3,5,5,2,4,5,2,5,3,4,5,3,3,5,4,5,5,4,2,4
246,246,Nie ma to dla mnie znaczenia,2,2,4,3,2,3,3,4,2,2,2,4,2,2,4,4,2,4,3,2,3
247,247,Nie ma to dla mnie znaczenia,1,2,3,5,2,3,3,4,2,1,3,2,5,3,5,2,4,1,4,2,2
248,248,Nie,3,3,5,3,3,5,5,5,4,3,5,5,4,4,4,5,5,5,4,2,4
249,249,Nie,4,2,2,2,2,3,3,3,1,5,1,2,3,3,2,2,2,2,3,2,2
250,250,Nie ma to dla mnie znaczenia,5,3,4,3,2,4,4,3,4,4,5,5,3,3,5,5,5,5,5,2,3
251,251,Nie,2,2,3,2,3,2,1,2,2,1,3,4,1,1,3,3,4,3,2,2,3
252,252,Nie ma to dla mnie znaczenia,2,2,3,2,1,4,5,2,3,4,3,4,3,2,5,3,4,3,4,2,3
253,253,Tak,2,4,3,2,3,5,5,5,4,2,3,3,3,4,4,3,3,3,5,2,3
254,254,Nie,1,3,3,2,1,3,3,2,2,2,3,3,1,1,4,2,3,4,2,2,3
255,255,Tak,4,2,5,4,4,2,2,5,4,5,4,4,4,4,5,5,5,5,4,1,4
256,256,Tak,5,2,3,4,4,4,4,4,5,4,4,3,2,2,5,2,3,3,4,2,5
257,257,Nie,3,3,3,3,3,3,3,3,2,2,3,3,3,3,4,3,3,3,3,2,3
258,258,Nie,1,1,4,3,2,2,2,2,1,3,4,3,3,3,4,3,3,2,4,1,4
259,259,Nie,2,4,4,3,2,2,3,4,5,1,4,4,3,3,2,5,5,4,1,2,2
260,260,Nie ma to dla mnie znaczenia,2,2,4,4,3,5,5,5,3,4,3,4,4,4,5,5,5,4,4,2,4
261,261,Nie ma to dla mnie znaczenia,2,2,4,4,3,5,5,5,3,4,3,4,4,4,5,5,5,4,4,2,4
262,262,Tak,4,2,3,3,2,4,4,4,3,3,3,2,3,3,5,2,2,2,3,2,3
263,263,Nie ma to dla mnie znaczenia,2,2,3,3,4,4,3,4,4,2,4,4,4,3,5,4,5,5,4,2,3
264,264,Tak,3,2,5,5,4,5,5,5,5,5,5,5,5,5,4,5,5,5,5,2,5
265,265,Tak,4,2,4,3,4,5,5,4,4,5,5,5,3,3,4,5,5,5,5,1,3
266,266,Nie ma to dla mnie znaczenia,4,2,3,2,3,2,5,3,3,3,4,3,5,2,2,3,3,2,4,2,3
267,267,Nie,1,2,3,3,1,4,3,2,3,1,3,2,3,3,3,2,3,2,3,2,3
268,268,Nie,3,2,2,2,4,2,5,3,2,5,2,3,2,3,1,3,3,3,2,2,3
269,269,Tak,3,2,4,5,3,5,5,4,4,3,3,4,4,3,4,3,3,3,3,2,2
270,270,Tak,5,2,5,5,5,5,5,5,5,5,5,5,3,3,5,5,5,5,5,1,5
271,271,Nie,1,2,3,3,2,2,3,3,3,2,4,4,2,2,5,3,5,2,4,2,3
272,272,Tak,5,3,5,5,4,4,4,4,4,3,5,4,3,4,4,4,4,5,4,2,3
273,273,Tak,5,2,5,5,5,4,4,3,5,4,5,5,4,4,3,4,5,4,4,2,4
274,274,Nie,2,3,3,2,1,3,1,2,3,2,3,2,2,3,5,3,3,4,4,2,1
275,275,Nie,3,1,2,2,5,4,4,3,2,4,3,3,3,3,3,3,1,1,3,1,1
276,276,Nie ma to dla mnie znaczenia,2,2,5,5,3,5,5,5,3,3,3,4,3,3,5,4,5,5,5,2,4
277,277,Tak,3,4,5,5,5,5,5,5,5,3,5,5,3,2,3,5,5,5,5,1,5
278,278,Nie ma to dla mnie znaczenia,3,2,4,2,3,5,5,5,4,4,3,4,3,3,4,4,4,4,4,1,5
279,279,Tak,3,5,3,3,3,3,3,3,3,3,3,3,4,2,3,3,3,3,3,1,3
280,280,Nie,1,2,4,1,2,3,4,2,2,2,3,3,3,4,5,2,4,2,3,1,4
281,281,Nie ma to dla mnie znaczenia,3,2,2,4,4,2,3,3,3,3,3,3,3,1,4,3,3,3,3,2,4
282,282,Nie ma to dla mnie znaczenia,1,2,4,2,3,4,4,4,3,2,3,4,2,3,5,4,4,3,3,2,3
283,283,Nie ma to dla mnie znaczenia,3,4,4,4,2,4,5,5,2,4,3,4,3,3,5,3,4,2,4,2,3
284,284,Nie ma to dla mnie znaczenia,4,2,4,4,4,4,4,4,4,4,4,4,3,3,5,4,3,3,3,2,3
285,285,Tak,3,2,4,4,5,5,5,4,5,3,5,5,3,3,5,5,5,5,5,1,4
286,286,Tak,1,5,3,3,4,5,4,5,4,1,3,4,3,3,1,4,4,4,4,2,4
287,287,Nie,1,2,3,1,2,1,1,3,1,1,1,1,3,3,5,2,1,1,1,2,1
288,288,Tak,1,5,5,5,4,5,5,5,5,4,5,5,4,4,5,5,5,5,5,2,5
289,289,Nie ma to dla mnie znaczenia,5,2,3,4,2,2,4,4,4,5,3,3,3,4,5,3,4,3,3,2,3
290,290,Tak,3,2,4,4,3,4,5,4,4,3,3,3,3,3,4,3,3,4,3,2,3
291,291,Nie,4,2,2,3,2,2,3,3,3,2,2,2,3,3,3,2,2,2,3,2,2
292,292,Tak,3,5,5,3,4,5,5,5,5,3,5,5,4,4,5,5,5,5,5,1,4
293,293,Nie ma to dla mnie znaczenia,3,3,4,4,5,2,3,5,4,5,4,4,3,3,4,4,4,3,4,2,3
294,294,Nie,2,3,3,4,5,4,4,3,3,2,3,3,4,4,4,3,3,2,4,1,2
295,295,Tak,5,1,4,4,3,5,5,5,4,5,3,4,3,2,4,5,4,4,5,2,4
296,296,Nie ma to dla mnie znaczenia,3,4,3,3,4,3,3,4,5,3,4,4,3,3,4,4,5,4,4,2,3
297,297,Tak,4,3,5,3,3,5,4,2,4,3,4,4,4,4,5,4,5,5,4,1,4
298,298,Nie,2,2,4,2,4,1,3,4,2,3,4,2,4,2,5,2,4,4,4,1,1
299,299,Tak,4,3,5,4,3,4,4,5,5,5,5,4,4,4,5,4,4,4,4,2,4
300,300,Tak,2,4,3,4,2,5,4,5,3,3,3,4,4,1,5,2,4,3,4,2,4
301,301,Nie ma to dla mnie znaczenia,4,2,5,3,3,4,4,4,3,2,5,4,4,1,2,4,4,4,4,2,3
302,302,Tak,3,3,5,3,2,3,4,4,3,3,5,4,4,1,2,4,4,4,4,2,3
303,303,Nie ma to dla mnie znaczenia,1,2,3,2,2,4,4,1,3,1,4,3,4,4,2,3,3,1,3,2,3
304,304,Tak,5,5,5,5,5,5,5,5,5,5,5,5,5,1,3,5,5,4,5,1,5
305,305,Nie,5,2,3,2,4,2,2,3,2,3,1,2,3,3,4,3,4,4,3,2,1
306,306,Tak,2,2,5,5,5,5,5,5,5,5,5,5,5,5,5,4,5,4,5,1,4
307,307,Tak,5,2,4,5,4,4,4,4,4,5,5,5,3,4,4,4,5,4,4,2,4
308,308,Nie ma to dla mnie znaczenia,5,1,3,4,4,5,5,1,5,5,5,5,4,4,5,3,3,5,3,2,4
309,309,Nie,2,2,4,3,3,4,4,4,3,2,3,3,3,3,2,3,5,3,4,2,4
310,310,Tak,5,2,5,5,5,5,5,5,5,5,5,5,5,5,5,5,5,5,5,1,5
311,311,Nie ma to dla mnie znaczenia,2,4,3,2,3,4,4,4,3,4,3,3,4,4,5,3,4,3,4,2,4
312,312,Nie ma to dla mnie znaczenia,2,2,4,4,3,4,5,5,4,3,4,4,5,5,2,4,5,3,4,1,4
313,313,Tak,3,3,4,4,4,3,3,4,3,4,4,4,3,3,3,4,4,4,4,1,3
314,314,Nie,3,3,4,4,5,5,5,1,3,4,3,4,5,2,5,4,4,3,4,2,4
315,315,Tak,3,2,3,3,3,3,3,3,3,3,3,3,3,3,3,3,3,3,3,2,3
316,316,Nie,1,2,3,2,2,4,4,3,2,2,2,1,4,3,5,2,3,4,4,2,3
317,317,Nie,5,2,3,3,3,5,4,5,3,2,2,2,3,2,5,3,4,4,4,2,3
318,318,Nie,1,2,4,4,2,4,4,4,3,1,3,3,5,3,5,3,4,4,3,2,3
319,319,Nie,1,2,3,1,1,3,2,2,3,1,1,1,4,4,3,3,4,3,4,2,2
320,320,Nie,1,1,3,2,5,5,1,4,3,1,2,2,2,5,4,3,3,2,4,2,1
321,321,Tak,2,2,5,5,5,4,5,5,5,2,5,5,5,5,5,5,5,5,5,1,5
322,322,Nie,5,1,3,1,1,1,1,5,1,5,1,2,3,1,1,1,3,2,3,2,3
323,323,Tak,3,2,3,3,4,5,5,1,5,1,3,4,4,4,1,5,4,4,4,2,3
324,324,Nie,2,4,2,4,3,3,2,3,2,2,3,3,3,1,3,3,2,3,3,2,1
325,325,Nie,2,3,4,2,3,4,4,2,2,2,3,2,5,5,4,3,4,4,3,2,3
326,326,Nie,3,4,3,2,2,5,5,5,2,2,3,2,1,1,5,4,4,1,4,2,2
327,327,Nie,5,2,4,4,3,2,5,2,3,5,4,4,4,3,5,3,3,2,4,2,3
328,328,Nie ma to dla mnie znaczenia,2,2,4,4,4,5,4,4,3,2,2,3,4,2,3,3,3,3,4,2,3
329,329,Tak,3,3,3,3,3,3,3,3,3,3,3,3,3,3,3,3,3,3,3,2,3
330,330,Tak,3,2,4,4,2,4,4,3,3,3,3,3,4,4,4,4,5,4,3,2,4
331,331,Tak,1,2,3,3,5,3,3,2,5,3,5,4,5,3,5,4,5,3,4,1,4
332,332,Tak,4,2,4,4,2,4,4,5,4,3,4,4,4,3,4,4,5,5,4,1,4
333,333,Tak,3,3,5,4,3,4,4,5,3,4,4,4,4,3,5,5,4,4,4,2,4
334,334,Tak,4,3,4,4,3,3,2,3,4,3,3,4,3,3,5,4,4,4,4,1,4
335,335,Nie,1,1,3,1,4,5,2,5,5,2,4,4,5,3,2,5,4,4,5,2,3
336,336,Tak,5,2,5,5,4,5,5,5,5,5,5,5,5,5,5,5,5,5,5,2,4
337,337,Nie,4,3,4,4,3,4,4,4,4,5,4,4,3,4,5,4,4,4,4,2,4
338,338,Tak,2,2,4,4,3,3,3,3,4,2,4,4,4,4,3,4,3,3,3,1,4
339,339,Tak,3,2,4,4,4,5,5,1,4,2,5,4,4,4,3,4,4,5,5,1,4
340,340,Tak,4,2,5,3,3,4,5,5,5,5,5,5,5,5,5,5,4,5,5,2,5
341,341,Nie,2,2,3,3,2,2,4,3,3,3,4,3,2,2,4,3,3,2,4,2,4
342,342,Nie,1,2,3,2,2,3,3,3,3,2,1,2,3,3,3,2,3,2,3,2,2
343,343,Tak,4,3,5,3,3,3,4,2,4,2,5,4,2,2,2,4,5,5,4,2,4
344,344,Tak,3,2,5,3,3,5,4,5,5,4,5,4,5,5,4,4,4,4,4,2,4
345,345,Tak,4,3,4,5,4,5,5,5,5,5,5,5,5,2,5,4,5,4,4,1,4
346,346,Nie ma to dla mnie znaczenia,2,2,5,4,4,2,3,1,2,3,3,4,5,3,5,4,5,5,4,2,4
347,347,Tak,3,4,4,4,3,4,4,2,4,3,5,4,4,4,4,4,4,4,4,2,4
348,348,Nie ma to dla mnie znaczenia,3,3,5,3,3,5,4,5,3,5,3,4,4,2,2,4,5,4,4,2,5
349,349,Nie,3,2,3,3,3,3,3,3,3,3,3,3,3,3,3,3,3,3,3,1,3
350,350,Tak,3,2,3,2,3,4,3,3,3,2,3,3,1,2,3,3,3,4,3,2,3
351,351,Nie ma to dla mnie znaczenia,3,2,3,3,3,4,5,4,3,4,4,4,3,3,3,4,3,4,4,2,3
352,352,Nie ma to dla mnie znaczenia,1,2,2,2,2,3,3,4,2,1,1,1,1,1,2,2,2,1,1,2,2
353,353,Tak,3,2,5,4,4,5,5,5,5,4,5,5,3,5,5,5,4,4,4,2,5
354,354,Nie ma to dla mnie znaczenia,3,2,4,4,2,4,4,4,3,3,3,4,5,4,5,4,4,3,4,2,3
355,355,Tak,5,2,4,3,3,4,4,1,5,4,4,4,5,5,5,4,5,5,5,2,4
356,356,Tak,4,2,5,4,3,4,4,4,4,3,4,4,4,4,4,4,4,4,4,2,3
357,357,Nie,1,2,2,3,3,2,2,4,3,2,3,3,3,1,4,3,3,3,3,2,2
358,358,Nie ma to dla mnie znaczenia,3,3,4,3,2,4,3,3,3,4,4,4,3,5,5,4,3,4,3,2,3
359,359,Nie ma to dla mnie znaczenia,3,2,4,4,3,2,4,2,4,2,3,4,4,4,2,4,3,5,4,2,3
360,360,Tak,5,2,5,5,4,5,5,5,5,5,5,5,5,4,5,5,5,4,5,1,4
361,361,Tak,4,2,4,3,2,5,5,5,5,5,3,4,3,3,5,4,4,4,5,2,5
362,362,Tak,3,3,4,3,3,5,5,5,4,3,3,4,5,2,5,5,5,4,5,2,4
363,363,Nie,4,3,3,2,3,5,5,2,4,4,4,3,4,3,3,3,4,4,4,2,4
364,364,Tak,2,3,5,5,4,4,4,4,5,4,5,5,4,4,5,5,5,4,4,1,4
365,365,Nie,2,1,3,1,3,3,3,3,5,2,3,4,4,3,3,4,4,5,4,2,4
366,366,Tak,5,5,5,5,4,5,5,5,4,5,5,5,4,4,5,5,4,4,4,1,4
367,367,Nie ma to dla mnie znaczenia,2,2,3,1,3,2,3,2,3,3,3,3,1,1,5,3,3,4,2,2,3
368,368,Nie ma to dla mnie znaczenia,4,2,3,4,2,5,5,5,5,5,4,4,4,4,5,4,3,4,4,2,3
369,369,Nie ma to dla mnie znaczenia,2,1,3,4,4,4,5,2,3,3,3,3,4,3,2,3,3,3,4,2,3
370,370,Nie,4,5,3,2,3,5,5,5,3,2,2,2,3,1,3,3,2,4,5,1,3
371,371,Nie,4,2,3,4,4,4,5,3,3,2,3,3,3,2,4,4,3,2,4,2,2
372,372,Tak,1,3,3,2,4,5,4,5,5,3,5,5,4,4,4,5,5,4,5,2,4
373,373,Tak,4,2,4,4,4,4,5,2,4,5,4,5,4,4,2,5,5,5,5,2,5
374,374,Tak,3,3,4,4,3,4,5,4,4,4,4,4,4,4,5,4,4,4,4,2,4
375,375,Tak,2,3,4,4,4,5,5,5,3,3,4,4,5,5,3,4,4,4,3,2,4
376,376,Tak,5,2,4,3,3,2,2,4,3,3,3,3,3,3,2,3,2,3,3,1,4
377,377,Nie,4,2,3,2,2,3,3,3,3,4,3,3,3,3,5,2,3,3,3,1,3
378,378,Tak,4,1,4,3,4,3,4,2,3,4,4,3,3,3,4,4,4,3,4,2,3
379,379,Tak,4,2,5,5,1,3,3,3,1,4,5,5,5,5,5,3,4,5,5,2,3
380,380,Nie,5,2,3,1,1,2,2,4,1,1,3,3,1,1,3,2,3,1,2,2,2
381,381,Nie,2,3,3,1,3,2,2,2,2,2,2,3,3,2,1,3,4,3,4,1,2
382,382,Nie,3,2,4,2,2,4,5,3,4,2,3,4,4,3,4,4,3,4,2,2,4
383,383,Nie ma to dla mnie znaczenia,3,2,4,3,5,5,5,1,3,3,3,3,5,3,5,1,4,3,5,2,4
384,384,Nie ma to dla mnie znaczenia,4,2,4,4,3,2,4,3,4,5,4,4,3,3,5,4,4,3,4,2,4
385,385,Nie ma to dla mnie znaczenia,1,2,3,3,2,2,2,3,2,1,3,3,3,3,3,3,3,2,3,2,3
386,386,Nie ma to dla mnie znaczenia,2,3,5,4,2,5,5,5,3,2,3,3,5,5,5,3,5,1,3,2,3
387,387,Nie ma to dla mnie znaczenia,2,2,3,4,2,2,4,2,2,2,3,3,3,3,3,4,3,2,3,2,3
388,388,Nie ma to dla mnie znaczenia,2,2,2,3,4,5,3,3,3,2,2,4,4,4,2,4,4,4,5,2,3
389,389,Nie,5,2,4,4,4,4,4,3,3,5,2,3,4,3,5,3,4,4,3,2,3
390,390,Tak,3,2,5,4,4,5,5,5,5,2,5,5,5,5,5,5,5,5,5,2,4
391,391,Tak,3,3,3,3,3,5,5,1,4,4,4,4,4,2,2,4,4,4,5,2,4
392,392,Nie ma to dla mnie znaczenia,2,2,4,4,5,4,4,4,5,1,3,4,3,3,4,4,5,5,4,2,4
393,393,Nie,2,2,3,2,2,3,3,3,2,2,3,3,5,5,4,2,4,2,4,2,4
394,394,Nie ma to dla mnie znaczenia,2,4,4,4,3,4,3,2,2,2,4,4,4,5,3,4,4,4,4,1,4
395,395,Tak,2,2,5,5,4,5,5,5,4,2,5,5,5,5,3,5,5,4,5,2,4
396,396,Nie ma to dla mnie znaczenia,1,3,3,3,2,3,5,3,1,1,3,3,1,2,3,2,4,3,4,2,3
397,397,Tak,4,2,3,2,3,3,3,2,4,4,4,4,3,3,4,4,4,4,4,2,3
398,398,Nie,1,2,4,5,1,2,4,3,3,3,3,3,3,3,3,3,3,3,3,2,5
399,399,Tak,5,2,5,4,4,5,5,5,4,3,5,4,4,3,4,4,5,4,5,2,5
400,400,Tak,4,2,4,4,4,4,4,4,5,3,4,4,5,5,4,4,4,4,4,2,4
401,401,Tak,3,3,5,5,4,5,5,2,5,2,5,5,4,5,5,5,5,5,4,2,4
402,402,Tak,3,2,4,4,4,4,2,4,4,2,3,4,3,3,5,4,4,4,4,2,3
403,403,Nie,3,3,5,5,3,5,5,5,4,5,5,4,4,3,5,4,5,5,5,1,5
404,404,Tak,4,3,5,4,2,3,4,4,4,2,4,4,4,4,5,3,4,4,4,2,4
405,405,Nie,1,1,1,1,3,4,4,4,4,1,1,1,3,2,2,1,2,1,3,2,2
406,406,Tak,3,2,5,5,5,5,5,5,5,4,5,5,5,5,5,5,5,5,5,2,5
407,407,Nie ma to dla mnie znaczenia,2,2,4,3,1,4,4,4,3,2,3,3,5,2,4,4,5,3,5,2,5
408,408,Tak,5,4,5,3,3,4,3,2,5,5,5,4,4,4,5,5,5,5,5,2,4
409,409,Nie,2,2,4,4,2,2,3,3,4,2,4,4,2,2,5,3,4,2,3,2,3
410,410,Nie ma to dla mnie znaczenia,4,2,3,3,3,2,5,5,1,4,3,2,4,5,4,3,4,2,5,2,3
411,411,Nie ma to dla mnie znaczenia,3,2,3,3,3,5,5,5,3,3,4,4,3,1,4,4,4,4,4,1,4
412,412,Tak,3,3,4,4,3,5,5,1,4,3,4,4,4,4,2,4,4,4,4,2,3
413,413,Tak,4,2,4,4,2,3,3,3,4,4,3,4,4,4,5,5,5,4,3,2,5
414,414,Tak,2,2,5,4,3,5,5,5,4,5,5,5,4,4,5,5,5,5,4,2,4
415,415,Tak,3,2,4,5,4,5,5,5,4,3,4,4,4,3,4,4,4,3,4,2,4
416,416,Tak,3,3,5,2,1,4,4,3,3,4,4,4,4,3,4,3,4,4,4,2,3
417,417,Nie,1,2,3,3,2,3,3,3,1,2,3,2,3,1,3,3,1,1,5,2,2
418,418,Tak,4,2,5,5,4,5,5,4,4,2,5,5,4,5,5,4,5,4,4,2,5
419,419,Nie ma to dla mnie znaczenia,1,2,2,2,2,3,3,4,2,1,1,1,1,1,2,2,2,1,1,2,2
420,420,Nie,2,2,5,3,5,4,4,4,5,4,4,4,1,1,5,3,5,4,4,2,3
421,421,Tak,3,2,4,4,4,5,4,5,5,4,5,5,4,4,5,4,5,4,4,2,4
422,422,Tak,3,4,4,3,2,3,5,3,4,2,3,4,4,3,4,4,3,3,3,1,3
423,423,Nie ma to dla mnie znaczenia,3,2,5,4,3,5,5,4,4,4,4,5,4,4,5,4,5,5,4,2,5
424,424,Tak,5,5,5,5,5,5,5,5,5,5,5,5,5,5,5,5,5,5,5,1,5
425,425,Nie,1,2,3,1,1,3,3,2,1,1,2,3,2,2,5,3,3,1,3,2,3
426,426,Nie,1,2,5,5,1,4,4,5,3,5,5,3,3,1,3,2,5,3,5,2,3
427,427,Tak,1,5,3,3,1,5,5,5,4,3,4,4,1,3,3,4,4,4,4,2,3
428,428,Tak,2,2,4,5,3,4,5,2,5,5,5,5,5,5,5,5,5,5,4,1,5
429,429,Tak,4,4,5,4,4,4,5,4,5,5,3,4,4,4,5,4,4,4,5,2,4
430,430,Tak,3,3,4,4,4,5,5,4,4,2,4,5,3,3,5,4,5,5,3,2,4
431,431,Nie,1,2,3,3,4,4,4,4,4,1,3,3,3,3,4,3,4,3,3,2,4
432,432,Nie ma to dla mnie znaczenia,4,3,4,4,3,4,3,2,4,3,3,4,2,2,2,3,3,4,4,2,4
433,433,Tak,2,2,4,4,4,5,5,5,3,4,4,4,4,4,5,4,5,5,4,2,4
434,434,Nie,2,2,3,2,3,4,4,4,2,2,3,3,3,4,3,3,3,3,3,2,2
435,435,Tak,5,2,4,4,5,4,2,3,1,5,4,4,2,2,5,3,4,4,3,2,4
436,436,Tak,4,2,4,4,3,5,4,4,4,3,4,4,4,4,4,5,5,5,4,2,4
437,437,Nie ma to dla mnie znaczenia,4,1,4,3,3,4,4,4,5,4,4,5,4,4,2,5,5,5,4,2,4
438,438,Nie,1,3,3,2,4,5,5,5,2,1,2,2,4,4,5,3,4,2,4,2,2
439,439,Tak,3,3,5,5,4,4,4,4,5,4,5,5,4,4,4,5,5,4,4,2,4
440,440,Tak,2,2,4,4,4,4,4,4,4,3,3,3,3,3,4,4,4,4,4,2,1
441,441,Nie,4,2,4,5,5,2,2,2,1,1,5,2,1,3,3,2,1,2,2,2,3
442,442,Tak,4,2,4,4,2,5,5,5,5,3,4,4,5,3,5,3,4,4,5,2,4
443,443,Nie ma to dla mnie znaczenia,3,5,5,4,3,5,5,4,4,4,3,4,4,4,5,3,4,4,4,2,2
444,444,Nie,1,2,4,4,4,3,3,4,3,5,3,3,4,2,2,3,3,3,3,2,1
445,445,Tak,3,2,4,4,2,5,5,5,3,2,3,4,4,4,5,3,4,3,4,2,5
446,446,Nie,5,1,4,1,2,2,1,2,3,4,3,3,4,4,2,1,4,1,4,2,2
447,447,Nie ma to dla mnie znaczenia,1,1,1,1,1,2,2,2,1,1,1,3,1,1,1,1,1,1,1,2,2
448,448,Nie ma to dla mnie znaczenia,1,2,4,2,5,2,3,4,4,5,2,3,5,3,2,3,4,3,4,1,4
449,449,Nie ma to dla mnie znaczenia,2,3,4,3,2,4,3,2,2,2,2,4,3,3,4,3,5,3,4,2,3
450,450,Nie,3,2,4,3,1,4,3,3,1,4,4,3,3,3,3,3,3,2,4,2,3
451,451,Tak,4,4,5,3,4,4,5,3,4,4,5,5,5,5,5,4,5,3,4,1,4
452,452,Nie,1,2,3,2,5,4,5,5,4,3,3,2,4,4,3,3,3,3,4,1,4
453,453,Tak,2,2,3,3,2,2,2,2,4,3,3,3,3,3,3,3,3,3,3,2,2
454,454,Tak,5,2,5,4,3,2,2,2,2,2,2,2,1,4,5,2,3,3,2,2,2
455,455,Tak,4,1,4,4,2,5,4,5,5,3,4,4,3,3,5,4,5,4,4,2,4
456,456,Tak,2,2,5,5,3,5,4,5,4,4,4,4,4,3,3,4,5,5,5,2,4
457,457,Nie,3,2,5,3,1,5,5,4,4,3,2,4,4,3,5,4,5,4,5,2,3
458,458,Tak,2,3,5,4,4,5,5,5,5,2,5,5,5,5,5,5,5,5,5,1,3
459,459,Nie ma to dla mnie znaczenia,3,2,4,4,3,5,5,5,4,3,4,4,3,3,5,4,4,4,4,2,3
460,460,Nie,1,1,1,1,1,1,1,1,1,1,1,1,1,1,1,1,1,1,1,2,1
461,461,Tak,3,2,4,4,3,5,5,5,4,3,5,4,4,4,3,5,4,4,4,1,4
462,462,Nie,4,2,4,3,2,5,5,5,4,4,3,4,3,2,3,4,4,4,4,2,3
463,463,Nie,2,2,3,2,5,4,3,4,2,3,4,3,4,3,5,3,4,2,3,2,3
464,464,Tak,3,2,4,3,2,4,5,5,5,3,4,4,4,3,5,5,4,4,5,2,4
465,465,Nie,3,3,4,3,1,3,4,3,2,2,2,3,3,3,5,3,5,1,3,2,3
466,466,Nie ma to dla mnie znaczenia,3,1,3,2,2,2,2,3,3,3,3,4,3,3,3,4,4,4,4,2,3
467,467,Nie,2,5,4,4,3,5,5,4,4,4,5,5,5,4,5,4,2,4,5,2,3
468,468,Tak,3,2,4,2,2,5,5,5,4,4,4,5,4,4,5,5,3,4,4,2,2
469,469,Tak,3,2,4,4,3,5,3,3,4,2,1,5,2,2,5,5,5,4,4,2,3
470,470,Nie ma to dla mnie znaczenia,2,2,4,3,4,4,4,4,5,3,4,4,3,3,4,4,4,4,5,1,4
471,471,Nie,4,1,4,2,4,4,3,4,2,1,2,3,3,3,4,4,4,5,4,2,2
472,472,Nie,1,2,4,2,1,3,2,3,2,1,2,2,4,4,5,3,3,1,3,2,1
473,473,Nie,1,2,4,2,1,3,2,3,2,1,2,2,4,4,5,3,3,1,3,2,1
474,474,Tak,3,2,5,4,4,4,5,5,5,5,4,4,5,3,5,5,4,5,5,1,4
475,475,Tak,3,2,5,4,4,3,5,5,4,4,4,4,4,4,2,5,5,5,5,2,4
476,476,Tak,3,2,4,2,4,5,4,4,4,3,4,4,5,5,4,4,4,4,4,2,3
477,477,Nie ma to dla mnie znaczenia,4,2,4,4,3,5,5,5,3,3,3,3,4,2,4,3,4,4,4,2,3
478,478,Tak,2,3,5,5,5,5,5,5,5,4,5,5,5,5,4,5,5,5,5,1,5
479,479,Tak,3,2,5,5,4,4,4,4,5,3,4,5,5,5,5,5,5,5,5,1,5
480,480,Nie,3,3,4,4,1,1,1,1,1,3,1,3,2,4,5,1,3,1,1,2,1
481,481,Tak,5,2,4,5,1,2,3,2,3,2,5,4,3,4,4,4,5,4,3,2,4
482,482,Nie,3,2,3,4,4,3,4,3,3,2,3,3,3,3,4,3,3,4,4,2,2
483,483,Tak,4,3,4,3,4,2,2,3,5,5,5,4,2,5,5,4,4,5,3,2,5
484,484,Nie ma to dla mnie znaczenia,3,2,5,4,3,2,2,3,3,3,4,4,1,1,5,4,5,4,4,2,3
485,485,Nie ma to dla mnie znaczenia,4,3,3,4,4,4,4,2,4,3,3,3,4,4,5,4,3,4,4,2,4
486,486,Tak,3,2,5,4,4,5,3,1,5,3,4,4,4,2,5,4,4,5,5,2,3
487,487,Tak,3,3,3,3,4,5,4,5,3,3,3,3,3,3,5,3,4,5,3,1,4
488,488,Nie ma to dla mnie znaczenia,2,2,3,3,5,5,5,2,3,2,3,3,4,1,5,3,3,3,3,1,3
489,489,Tak,3,3,3,3,4,5,4,5,3,3,3,3,3,3,5,3,4,5,3,1,4
490,490,Nie,4,1,3,2,3,2,4,3,3,3,2,3,3,2,4,3,3,3,3,2,3
491,491,Tak,3,3,4,4,4,5,5,5,4,4,4,4,5,4,5,4,4,3,4,1,4
492,492,Tak,3,2,4,4,5,5,5,5,4,4,4,5,3,3,5,4,4,4,4,2,4
493,493,Tak,3,2,4,4,2,4,5,5,5,3,4,3,2,2,4,5,5,3,4,2,4
494,494,Tak,3,3,5,4,4,5,5,5,4,4,5,5,4,4,4,4,4,4,4,2,4
495,495,Tak,4,2,5,4,4,3,5,5,5,5,5,5,4,4,5,5,4,5,5,1,5
496,496,Tak,3,3,5,5,4,5,5,4,5,4,3,5,4,4,4,4,4,4,4,1,4
497,497,Nie,1,2,3,1,3,3,3,3,1,1,1,1,1,3,5,3,3,2,3,2,3
498,498,Nie,2,2,4,3,3,2,3,3,4,1,3,4,4,5,5,4,4,4,4,2,4
499,499,Nie ma to dla mnie znaczenia,4,2,5,3,3,5,5,5,4,4,3,4,4,3,5,3,5,3,4,2,4
500,500,Nie ma to dla mnie znaczenia,2,1,3,2,5,5,5,3,3,3,3,5,3,3,5,5,5,5,4,1,1
501,501,Tak,3,3,3,3,4,5,4,5,3,3,3,3,3,3,5,3,4,5,3,1,4
502,502,Nie ma to dla mnie znaczenia,2,1,3,2,5,5,5,3,3,3,3,5,3,3,5,5,5,5,4,1,1
503,503,Nie,2,2,4,3,4,4,4,5,4,2,5,4,1,1,5,4,3,4,4,2,3
504,504,Tak,4,2,3,4,3,4,5,4,4,5,5,3,4,4,5,4,4,3,4,2,4
505,505,Tak,4,2,4,5,4,5,4,5,4,2,4,4,4,4,5,3,3,3,4,2,4
506,506,Tak,3,2,4,4,3,4,4,5,4,4,4,4,4,3,5,4,4,4,4,1,4
507,507,Nie ma to dla mnie znaczenia,1,2,3,4,2,4,5,4,2,2,3,4,4,4,5,3,4,4,3,2,5
508,508,Tak,4,2,4,4,3,5,4,5,5,4,4,5,3,3,5,5,5,4,4,2,4
509,509,Tak,2,2,4,2,5,5,3,5,3,3,3,3,3,1,5,3,3,2,3,1,5
510,510,Nie,4,3,4,3,1,5,5,5,2,2,3,4,2,2,3,4,3,2,3,2,3
511,511,Tak,3,2,4,4,3,5,5,5,4,4,4,3,4,4,4,5,4,5,4,2,5
512,512,Nie,2,2,2,2,4,3,3,2,1,2,3,1,4,5,5,4,2,3,3,2,1
513,513,Tak,3,2,5,5,4,5,5,4,5,3,5,5,5,5,5,5,5,4,4,1,3
514,514,Tak,2,3,3,2,1,3,3,4,2,2,4,3,2,2,5,3,4,5,3,2,1
515,515,Nie ma to dla mnie znaczenia,4,2,3,2,2,1,3,5,2,4,3,2,5,5,3,2,2,2,4,2,3
516,516,Nie,2,2,2,2,4,3,3,2,1,2,3,1,4,5,5,4,2,3,3,2,1
517,517,Tak,3,3,5,5,4,4,3,3,4,3,4,4,3,3,3,3,3,5,4,2,3
518,518,Nie ma to dla mnie znaczenia,3,2,3,4,2,3,3,3,1,3,2,4,2,3,5,4,4,3,3,2,4
519,519,Nie,1,2,3,3,3,2,3,3,3,1,2,4,4,4,3,3,4,4,3,2,3
520,520,Tak,3,2,3,4,4,3,4,5,4,4,4,3,5,1,5,3,2,4,4,1,3
521,521,Tak,5,2,3,3,3,4,3,3,3,1,3,4,1,1,3,3,3,2,1,2,2
522,522,Nie,4,4,2,1,3,3,3,3,4,2,2,1,3,2,2,2,2,2,4,2,1
523,523,Tak,4,2,4,2,5,5,5,2,5,2,4,4,3,3,2,4,4,4,4,2,4
524,524,Tak,2,3,4,4,3,4,4,4,4,3,4,4,4,4,5,4,5,4,4,2,4
525,525,Tak,4,2,3,3,1,3,3,3,4,4,5,4,3,3,3,3,4,4,4,2,4
526,526,Tak,3,2,4,4,3,4,4,2,3,3,4,4,2,4,5,4,4,3,3,2,3
527,527,Nie,3,2,5,4,5,5,5,5,5,3,5,4,4,3,2,4,4,5,4,1,3
528,528,Nie,1,2,3,2,4,5,5,1,4,4,5,5,4,5,5,5,2,4,4,1,4
529,529,Nie ma to dla mnie znaczenia,3,2,3,2,4,2,4,2,4,2,3,3,4,4,5,3,4,4,3,2,2
530,530,Nie ma to dla mnie znaczenia,2,2,5,1,3,5,5,5,5,3,3,3,4,1,5,5,4,4,5,2,4
531,531,Nie,1,3,3,3,5,4,5,4,3,2,2,1,5,5,5,3,5,2,3,2,5
532,532,Nie,4,2,4,2,3,2,2,4,1,2,2,4,3,4,4,3,4,1,2,2,2
533,533,Nie,1,4,2,2,2,3,2,4,1,3,2,2,3,2,3,2,4,3,3,1,3
534,534,Tak,4,3,5,4,3,4,4,5,5,3,3,3,3,4,5,4,3,4,2,1,1
535,535,Nie,2,3,4,3,4,4,4,4,4,2,5,3,3,2,4,4,5,3,4,2,2
536,536,Tak,3,3,5,5,2,4,5,5,5,4,5,5,3,2,5,5,5,5,4,1,4
537,537,Tak,2,2,4,4,4,5,5,4,4,5,5,5,4,4,5,3,4,4,4,1,5
538,538,Nie,4,4,3,3,4,3,3,3,1,4,3,3,3,3,3,3,3,3,3,2,2
539,539,Tak,2,1,4,3,3,5,5,5,4,2,5,4,5,3,4,5,5,5,4,2,4
540,540,Tak,3,3,4,3,2,5,5,5,5,4,5,5,4,3,5,5,3,4,4,2,3
541,541,Tak,5,2,3,3,3,3,4,4,3,4,4,3,4,3,4,4,4,4,4,2,3
542,542,Tak,1,2,4,4,4,4,4,4,4,4,5,3,3,4,4,4,5,2,4,2,3
543,543,Tak,3,3,5,4,3,1,3,3,2,2,3,3,2,5,5,3,3,1,2,2,3
544,544,Nie ma to dla mnie znaczenia,4,3,3,3,2,4,4,2,3,3,3,4,3,4,2,4,4,4,3,2,2
545,545,Nie ma to dla mnie znaczenia,4,3,3,3,2,4,5,4,2,2,3,2,5,5,4,3,3,3,3,2,4
546,546,Nie ma to dla mnie znaczenia,2,4,3,2,1,3,4,4,2,2,1,3,3,3,2,4,3,3,3,2,1
547,547,Nie,1,5,4,3,3,3,3,3,2,4,3,3,3,2,3,3,3,3,3,1,3
548,548,Nie,1,2,1,2,1,1,2,3,1,2,2,2,2,2,4,2,2,1,2,2,2
549,549,Tak,2,1,4,5,1,5,5,5,5,4,5,5,4,3,3,5,5,5,5,1,1
550,550,Nie ma to dla mnie znaczenia,4,3,3,5,2,5,4,5,3,2,4,3,3,3,3,3,4,4,3,2,2
551,551,Tak,3,2,5,5,4,5,5,2,4,4,4,4,3,3,4,5,5,4,4,2,4
552,552,Tak,3,2,4,4,4,5,5,5,5,5,5,5,3,2,5,5,5,5,4,2,3
553,553,Tak,4,3,5,4,4,4,4,5,4,4,5,4,4,3,4,4,5,5,5,1,4
554,554,Nie ma to dla mnie znaczenia,3,2,5,4,3,5,5,5,3,3,4,4,5,4,3,4,5,3,4,2,4
555,555,Nie ma to dla mnie znaczenia,3,3,4,3,3,3,4,4,4,4,4,4,3,3,5,4,4,4,3,2,4
556,556,Nie,2,2,4,3,3,4,5,4,4,2,4,4,5,5,4,4,4,4,5,1,3
557,557,Nie,1,2,4,3,3,3,3,3,3,1,3,3,2,2,5,3,4,3,2,2,2
558,558,Nie ma to dla mnie znaczenia,2,2,3,4,3,3,2,4,3,2,3,4,3,3,5,3,4,3,3,2,4
559,559,Nie ma to dla mnie znaczenia,4,5,4,3,3,5,5,4,3,2,3,3,4,4,4,4,4,3,5,2,3
560,560,Tak,5,2,5,5,5,5,5,5,5,3,4,4,4,4,5,5,5,4,3,2,4
561,561,Nie ma to dla mnie znaczenia,1,2,1,2,5,3,3,3,1,1,1,3,5,3,5,4,4,3,3,1,1
562,562,Nie ma to dla mnie znaczenia,3,2,3,3,3,5,5,5,3,2,3,4,4,4,5,4,4,4,4,2,3
563,563,Nie,2,2,3,2,1,1,3,2,2,2,3,4,2,4,5,3,4,3,3,2,3
564,564,Tak,2,2,4,4,5,4,4,2,5,2,5,5,5,4,4,3,4,4,4,2,4
565,565,Nie,2,2,3,4,4,5,3,3,3,2,5,3,3,4,3,3,3,3,3,2,2
566,566,Nie ma to dla mnie znaczenia,3,2,3,3,3,5,5,5,3,2,3,4,4,4,5,4,4,4,4,2,3
567,567,Nie,3,2,2,4,4,2,5,3,4,2,2,3,4,4,4,1,2,1,3,2,2
568,568,Nie,4,3,3,2,3,4,4,3,4,4,2,3,4,4,2,4,3,4,3,2,2
569,569,Tak,3,2,5,4,5,4,5,5,5,5,4,4,5,3,3,5,4,4,5,2,4
570,570,Nie ma to dla mnie znaczenia,4,2,4,4,3,2,3,4,4,2,4,4,4,4,4,4,5,4,4,2,2
571,571,Tak,4,2,5,5,3,5,5,5,4,3,4,4,5,5,5,5,5,5,5,2,5
572,572,Tak,2,3,4,3,3,5,4,5,4,3,3,3,4,3,3,4,5,4,4,2,3
573,573,Nie,1,2,2,2,3,3,3,3,2,1,3,2,3,3,4,3,3,2,3,2,3
574,574,Nie ma to dla mnie znaczenia,5,2,5,5,4,4,4,4,4,5,4,4,4,4,4,5,5,5,4,2,4
575,575,Nie,2,2,3,1,3,5,5,5,3,4,4,4,3,3,4,4,5,4,4,2,4
576,576,Nie ma to dla mnie znaczenia,3,2,3,4,4,5,5,4,4,3,3,3,3,2,5,4,4,4,4,1,4
577,577,Nie ma to dla mnie znaczenia,1,3,3,3,1,4,3,4,3,1,3,2,2,2,3,3,2,4,2,2,2
578,578,Tak,5,2,5,5,4,5,5,5,5,5,5,5,5,2,4,5,5,5,5,1,4
579,579,Tak,3,3,4,1,3,5,3,5,4,2,5,5,5,2,5,4,5,5,5,2,5
580,580,Tak,1,3,4,1,3,4,4,4,2,1,1,3,2,2,5,4,5,3,2,2,3
581,581,Tak,4,3,5,4,4,5,5,1,5,4,5,5,5,5,4,4,4,4,5,2,5
582,582,Nie ma to dla mnie znaczenia,4,2,4,3,4,4,4,5,4,3,3,4,4,3,5,4,4,4,5,2,3
583,583,Nie,1,2,2,3,1,2,4,3,1,3,3,4,3,5,3,2,5,3,2,2,3
584,584,Tak,3,2,5,4,1,5,5,5,5,3,5,4,5,5,5,5,5,4,4,2,5
585,585,Tak,2,3,4,4,3,4,4,3,4,2,3,4,3,3,5,4,4,4,4,2,3
586,586,Nie,5,3,4,4,4,4,4,5,3,3,4,4,5,3,4,3,4,3,3,2,4
587,587,Nie ma to dla mnie znaczenia,1,2,4,3,4,5,3,5,1,1,4,4,4,4,5,2,4,1,3,2,2
588,588,Tak,3,2,5,5,4,4,5,2,4,2,4,5,5,5,4,5,5,5,4,1,4
589,589,Nie ma to dla mnie znaczenia,4,2,4,4,3,4,3,2,4,4,4,4,2,3,5,4,3,4,3,2,4
590,590,Tak,1,2,3,2,2,3,3,3,2,1,1,3,3,3,4,3,3,3,2,2,3
591,591,Tak,2,3,3,3,4,4,5,4,5,3,4,4,4,4,5,5,5,4,4,1,3
592,592,Tak,3,2,4,3,3,4,5,4,4,4,4,4,3,4,5,4,5,4,4,2,4
593,593,Tak,3,2,3,2,3,5,5,5,2,3,4,4,3,3,5,4,4,3,3,2,2
594,594,Tak,2,3,4,4,3,4,5,4,4,3,3,4,3,3,5,3,3,4,4,2,4
595,595,Tak,3,2,5,5,3,5,4,4,4,4,5,5,3,3,5,5,5,5,4,2,4
596,596,Nie ma to dla mnie znaczenia,3,2,4,4,3,4,3,3,3,3,3,4,4,4,5,4,4,2,4,2,3
597,597,Tak,4,2,4,5,3,4,5,1,4,3,4,3,4,4,3,4,5,4,4,1,3
598,598,Tak,3,1,4,2,1,3,3,3,4,3,4,4,3,2,3,4,3,3,4,2,4
599,599,Nie,2,2,3,2,2,3,3,3,2,4,2,3,3,3,4,3,4,3,2,2,3
600,600,Nie,1,1,2,2,1,2,1,1,2,3,2,2,2,2,1,3,3,1,2,2,1
601,601,Nie ma to dla mnie znaczenia,3,2,3,3,3,3,3,3,3,3,3,3,3,3,3,3,3,3,3,2,3
602,602,Tak,5,3,3,4,2,1,1,2,3,3,4,4,4,4,5,3,3,3,3,2,1
603,603,Nie,2,2,2,2,4,3,3,2,1,2,3,1,4,5,5,4,2,3,3,2,1
604,604,Tak,3,2,3,2,2,3,3,3,4,3,3,3,3,3,3,5,3,3,3,2,3
605,605,Tak,4,2,4,4,3,4,4,4,4,4,4,4,4,4,3,4,4,4,4,2,3
606,606,Tak,3,2,5,3,4,5,5,5,5,4,4,3,5,5,3,5,5,5,5,1,5
607,607,Tak,3,2,5,2,3,5,3,5,3,4,5,4,4,3,3,3,5,3,4,1,3
608,608,Nie ma to dla mnie znaczenia,2,2,3,2,4,4,2,3,5,3,4,4,2,3,5,4,4,4,4,2,4
609,609,Nie,1,2,2,1,5,2,2,2,1,1,1,1,5,4,3,1,3,2,3,1,1
610,610,Nie ma to dla mnie znaczenia,3,2,3,4,3,3,4,4,3,2,4,4,3,3,3,4,5,4,3,1,4
611,611,Tak,3,3,5,5,3,3,3,3,3,3,5,3,4,5,3,4,5,5,3,2,3
612,612,Tak,4,2,3,3,3,3,3,3,3,3,3,3,4,4,5,3,4,3,3,2,3
613,613,Tak,3,3,4,5,3,5,5,5,3,3,3,4,3,3,5,3,4,3,4,2,1
614,614,Nie ma to dla mnie znaczenia,3,2,5,2,3,5,4,4,4,4,5,4,5,4,4,5,5,4,5,1,3
615,615,Tak,1,3,3,4,4,5,5,5,4,1,2,3,4,4,3,3,3,3,4,2,3
616,616,Tak,4,2,5,4,5,5,5,5,4,4,4,4,5,2,5,4,5,5,5,1,4
617,617,Tak,2,3,5,3,1,4,5,2,5,2,5,4,4,5,5,4,4,3,3,1,4
618,618,Nie ma to dla mnie znaczenia,3,3,3,1,3,3,3,5,2,1,5,3,4,3,4,3,4,4,5,2,3
619,619,Tak,3,3,5,4,1,5,3,5,3,5,4,5,4,5,5,5,5,4,4,2,4
620,620,Nie ma to dla mnie znaczenia,1,4,4,1,5,4,5,3,4,1,3,3,5,5,3,2,3,2,3,2,3
621,621,Tak,3,5,5,5,3,4,4,4,5,3,4,5,5,5,5,5,5,5,5,2,3
622,622,Nie,1,3,2,2,2,2,2,3,1,1,1,2,5,1,5,1,2,1,3,2,1
623,623,Nie,1,2,2,1,4,4,5,3,2,5,5,2,5,5,1,2,1,4,3,2,1
624,624,Nie,2,2,3,2,2,4,3,4,1,2,3,3,4,2,3,3,3,4,3,2,3
625,625,Tak,3,2,5,4,3,5,5,5,4,3,3,4,5,1,4,5,4,4,5,1,4
626,626,Tak,3,2,3,4,1,5,4,1,4,3,4,3,3,2,2,3,2,3,4,2,1
627,627,Nie,2,2,5,5,4,4,5,4,2,1,3,5,3,3,5,5,5,4,4,2,3
628,628,Nie,3,2,3,2,4,5,5,5,4,3,4,3,2,3,5,4,4,3,4,2,3
629,629,Tak,3,2,5,4,3,5,5,5,5,4,5,4,4,4,4,5,5,4,4,2,3
630,630,Nie,1,5,1,1,1,1,1,1,1,1,1,1,1,1,1,1,1,1,2,2,2
631,631,Nie ma to dla mnie znaczenia,4,4,2,3,2,2,3,2,3,3,2,2,2,2,3,2,2,2,3,2,3
632,632,Nie,3,2,3,2,1,3,3,4,5,3,4,3,4,2,3,4,4,5,3,2,3
633,633,Nie,2,3,2,1,3,2,3,1,2,2,2,2,4,3,5,2,5,3,4,2,2
634,634,Nie,2,2,2,2,1,3,3,3,3,1,3,2,3,3,3,4,3,5,4,2,3
635,635,Nie,2,3,3,2,3,2,4,3,2,3,2,2,4,4,4,4,4,3,3,2,2
636,636,Nie,3,2,3,4,4,2,4,3,4,5,4,4,4,2,5,4,4,4,3,2,4
637,637,Nie,3,2,3,3,1,5,2,4,5,4,3,3,4,2,4,5,5,5,5,1,2
638,638,Tak,1,5,5,4,2,3,2,3,3,3,4,3,4,5,4,3,2,4,3,2,3
639,639,Nie,4,2,4,3,3,2,5,5,2,3,2,3,4,4,5,3,4,3,3,2,3
640,640,Tak,3,2,3,3,2,3,3,3,3,3,3,2,3,3,3,3,3,3,3,2,2
641,641,Nie ma to dla mnie znaczenia,2,2,4,4,3,4,4,4,4,2,3,3,2,3,5,3,4,4,3,2,4
642,642,Tak,3,2,5,5,3,3,4,4,4,3,4,4,4,4,5,4,5,5,4,2,4
643,643,Nie,2,2,4,2,4,5,5,5,1,3,3,3,2,2,5,3,5,4,4,1,4
644,644,Nie,2,2,5,4,5,1,5,5,4,1,5,5,5,2,5,4,5,4,3,1,4
645,645,Tak,3,2,4,3,3,4,4,5,4,4,4,4,4,4,4,4,4,4,4,1,4
646,646,Nie ma to dla mnie znaczenia,3,2,4,4,2,4,5,5,4,4,3,4,3,2,4,4,5,3,3,2,4
647,647,Tak,1,4,2,1,4,5,4,4,5,4,3,4,4,4,3,5,5,5,4,2,5
648,648,Tak,3,2,5,3,2,5,5,5,5,1,4,3,5,5,3,3,3,2,3,2,4
649,649,Nie,3,3,3,3,3,4,4,2,3,3,3,3,3,3,5,3,4,4,3,2,3
650,650,Tak,2,2,4,3,3,2,1,2,3,4,3,4,4,1,4,4,4,3,3,1,3
651,651,Nie,3,2,4,4,4,5,5,5,3,4,4,4,4,4,5,5,5,4,5,2,4
652,652,Tak,3,3,5,5,5,4,5,3,5,5,5,4,4,4,4,5,5,5,4,2,5
653,653,Tak,3,2,4,4,3,5,5,5,4,3,4,4,5,3,4,4,5,4,4,2,5
654,654,Nie,2,3,3,1,4,2,2,2,3,3,2,4,3,3,3,3,3,3,4,2,3
655,655,Nie,5,2,5,3,4,4,4,3,4,2,5,4,3,3,3,3,4,3,3,2,3
656,656,Nie,1,2,3,3,3,2,1,3,1,1,4,3,5,5,5,5,5,4,4,2,3
657,657,Nie,2,3,4,3,3,4,5,4,4,4,4,4,4,2,5,4,5,4,4,2,4
658,658,Nie,2,3,5,4,3,5,5,5,5,2,3,3,5,4,5,4,5,4,5,2,4
659,659,Tak,4,3,3,2,4,4,2,2,4,5,5,4,2,2,4,4,3,3,4,1,4
660,660,Tak,4,2,4,4,3,4,4,5,3,3,4,4,3,3,4,4,4,3,4,2,2
661,661,Nie,5,2,3,2,2,3,3,3,2,5,2,3,5,2,5,3,3,2,4,2,2
662,662,Tak,2,2,4,4,3,4,5,4,4,2,5,5,3,4,4,5,5,4,3,2,4
663,663,Tak,3,3,4,4,3,5,3,1,4,3,3,4,3,3,5,4,5,4,4,2,4
664,664,Tak,2,2,5,3,1,3,3,3,4,2,3,4,4,4,5,5,5,5,5,2,3
665,665,Nie ma to dla mnie znaczenia,2,2,4,4,3,5,5,4,4,4,3,3,4,4,3,4,4,4,4,2,3
666,666,Nie,1,1,3,3,1,2,2,5,3,3,3,3,4,5,5,3,5,3,3,2,3
667,667,Nie ma to dla mnie znaczenia,1,2,4,3,3,4,3,5,3,1,3,3,4,4,5,4,3,4,4,2,2
668,668,Nie,1,2,4,4,1,4,3,4,3,2,5,3,4,4,3,3,5,4,4,1,5
669,669,Tak,3,2,3,3,3,4,4,3,4,3,4,4,3,4,4,4,4,5,4,2,4
670,670,Nie,3,3,3,2,3,4,4,3,3,3,3,2,4,4,5,3,4,4,3,2,2
671,671,Nie ma to dla mnie znaczenia,2,2,4,3,3,2,3,3,4,2,3,4,1,3,5,4,4,3,3,2,3
672,672,Tak,3,2,4,4,2,1,1,2,4,3,4,4,2,2,5,4,4,5,2,2,3
673,673,Nie,1,2,2,1,1,2,3,3,1,1,2,3,3,5,3,3,4,3,2,2,3
674,674,Nie ma to dla mnie znaczenia,3,1,4,4,3,5,5,2,3,4,3,3,4,3,4,4,5,4,4,2,3
675,675,Tak,2,2,4,2,2,1,2,3,1,4,3,2,1,1,4,4,5,3,4,2,3
676,676,Tak,3,3,5,3,4,2,3,5,4,2,5,3,4,3,1,4,5,5,3,2,2
677,677,Tak,4,5,3,4,3,4,5,4,4,5,4,4,2,3,3,4,5,5,4,1,4
678,678,Tak,3,2,5,4,3,4,5,5,4,4,4,4,5,5,4,5,5,4,4,2,4
679,679,Tak,3,2,3,3,4,5,5,5,4,2,4,5,4,4,4,4,4,4,4,1,5
680,680,Nie ma to dla mnie znaczenia,3,2,3,4,1,3,2,3,2,3,4,4,5,3,3,3,4,4,4,2,3
681,681,Tak,4,2,5,5,5,5,5,5,5,5,5,5,5,5,5,5,5,5,5,1,5
682,682,Tak,5,3,3,1,4,4,4,4,4,3,4,4,4,4,2,4,4,4,4,2,3
683,683,Tak,4,2,5,3,3,4,4,2,4,1,3,4,4,4,2,5,4,5,5,2,4
684,684,Tak,2,2,4,4,3,5,5,1,4,3,4,5,4,5,4,4,5,4,4,2,3
685,685,Tak,5,2,5,5,4,4,5,4,5,5,5,5,4,5,5,5,5,5,5,2,5
686,686,Tak,4,2,5,5,3,5,5,5,5,5,5,5,3,3,2,5,5,5,5,2,5
687,687,Tak,3,2,3,3,4,3,4,4,4,3,4,4,4,4,5,4,4,4,4,2,3
688,688,Tak,1,1,3,1,1,4,4,5,3,2,1,1,5,5,5,3,3,2,5,2,3
689,689,Tak,4,2,5,4,3,5,5,5,4,4,4,4,5,4,2,5,5,5,5,1,4
690,690,Tak,4,2,5,3,3,4,5,4,5,3,4,4,4,4,2,4,4,5,3,2,4
691,691,Tak,3,3,4,3,4,4,4,4,4,2,3,4,3,3,4,4,4,4,4,1,4
692,692,Tak,4,2,5,5,4,5,5,5,4,5,5,5,5,5,2,4,5,4,4,2,4
693,693,Tak,3,3,5,4,4,5,5,5,4,4,4,5,5,4,4,5,5,5,4,1,4
694,694,Tak,4,2,4,4,4,5,5,5,4,4,4,4,4,3,4,4,4,4,4,2,4
695,695,Tak,4,2,5,4,4,3,4,5,5,5,4,5,5,5,4,4,5,4,4,2,5
696,696,Tak,3,3,4,4,2,4,4,2,4,3,4,4,4,4,1,5,4,3,3,2,4
697,697,Nie,1,2,5,4,5,4,5,3,5,3,5,4,3,3,4,4,5,4,4,1,4
698,698,Nie,1,2,2,1,2,3,3,3,2,2,2,2,4,3,4,4,3,1,4,2,2
699,699,Tak,1,3,5,4,3,4,4,2,4,4,4,4,4,4,5,4,5,4,4,2,4
700,700,Nie,2,2,3,3,3,5,5,5,2,2,3,3,2,1,2,3,4,3,5,2,2
701,701,Tak,3,2,4,4,2,4,4,5,4,3,4,4,4,4,4,4,4,4,4,2,4
702,702,Nie,2,2,2,2,3,3,5,3,3,3,3,3,2,2,4,3,3,3,3,2,3
703,703,Nie ma to dla mnie znaczenia,2,1,2,2,3,3,3,3,2,2,4,3,3,2,3,3,2,4,2,2,2
704,704,Tak,3,2,4,2,4,2,4,3,5,3,3,5,4,1,5,3,3,4,2,2,2
705,705,Tak,3,3,4,4,3,5,5,5,4,3,4,4,5,4,3,4,4,4,5,2,4
706,706,Tak,4,2,4,3,3,5,4,3,4,5,3,4,3,4,5,3,3,3,3,2,3
707,707,Tak,2,2,4,5,5,5,5,5,4,4,4,3,4,3,4,3,4,4,4,2,3
708,708,Tak,3,3,5,5,5,5,4,5,4,3,5,5,5,5,4,5,5,4,4,1,4
709,709,Nie ma to dla mnie znaczenia,3,3,4,2,5,4,4,4,3,4,4,5,4,5,5,4,4,4,4,1,4
710,710,Tak,3,4,3,3,2,4,4,4,4,4,3,3,4,3,4,4,4,4,4,2,4
711,711,Nie ma to dla mnie znaczenia,2,3,3,3,2,5,5,5,3,4,3,3,4,4,2,4,4,3,3,2,3
712,712,Tak,2,5,3,3,4,4,4,5,4,2,3,3,2,2,4,3,3,4,4,2,4
713,713,Nie,2,2,4,3,2,5,5,2,3,2,4,4,5,3,3,3,4,3,4,1,2
714,714,Nie,2,2,3,1,1,5,3,5,1,1,2,2,4,4,3,3,3,2,2,2,2
715,715,Tak,3,2,4,5,1,3,5,5,1,3,3,4,2,2,1,3,5,2,3,2,2
716,716,Tak,4,2,5,4,5,5,5,5,5,2,4,4,4,1,1,5,5,4,5,2,5
717,717,Tak,5,2,5,5,4,5,5,1,5,5,5,5,4,4,5,5,5,5,4,1,5
718,718,Nie ma to dla mnie znaczenia,3,2,4,4,2,5,4,5,3,1,3,3,5,5,5,2,4,4,3,2,3
719,719,Tak,3,2,4,2,5,3,3,4,4,3,4,2,4,4,4,4,3,3,4,2,4
720,720,Nie,3,2,4,2,3,5,4,5,5,3,3,4,5,2,3,4,4,4,5,1,3
721,721,Nie,3,2,3,2,3,4,3,4,3,2,3,3,3,3,3,4,5,4,4,2,4
722,722,Nie ma to dla mnie znaczenia,4,2,4,4,3,3,3,3,3,4,3,2,1,1,4,3,3,3,3,2,3
723,723,Tak,4,2,4,4,4,4,4,4,4,4,4,4,3,3,5,4,4,4,4,2,3
724,724,Tak,5,2,5,5,2,5,5,5,4,4,3,4,3,2,5,5,5,5,5,2,4
725,725,Tak,4,2,4,3,4,2,4,4,5,3,4,4,3,3,5,2,5,4,4,2,4
726,726,Tak,3,2,5,4,4,5,5,5,4,3,4,4,5,5,3,4,5,4,4,1,5
727,727,Nie ma to dla mnie znaczenia,1,1,4,4,5,4,4,5,3,2,3,3,4,4,5,3,4,4,3,2,4
728,728,Nie,4,3,3,2,1,5,4,2,1,4,3,2,3,5,4,2,2,1,4,2,3
729,729,Nie ma to dla mnie znaczenia,3,3,5,3,3,4,4,3,4,3,4,4,4,4,3,3,4,4,4,2,5
730,730,Nie ma to dla mnie znaczenia,4,2,4,4,5,4,4,4,4,5,3,3,3,3,5,4,4,4,4,2,4
731,731,Nie,4,2,5,2,2,4,3,3,3,3,4,4,2,2,2,4,4,1,4,2,2
732,732,Tak,3,3,4,4,3,4,5,2,4,4,4,3,3,3,5,4,4,3,4,1,4
733,733,Tak,5,3,4,3,5,3,4,3,4,4,4,4,4,3,5,4,4,4,5,2,4
734,734,Tak,3,2,4,3,4,4,5,5,5,4,4,4,4,3,5,4,5,4,5,1,4
735,735,Nie ma to dla mnie znaczenia,1,4,3,2,2,5,5,5,2,1,3,3,3,1,1,4,2,3,5,1,4
736,736,Nie,1,2,3,3,1,3,3,3,1,1,2,1,3,3,3,2,2,1,2,2,1
737,737,Nie ma to dla mnie znaczenia,2,2,4,2,3,5,5,1,3,2,3,3,4,2,5,4,4,3,4,2,5
738,738,Nie,1,3,3,3,4,3,3,3,3,1,4,4,4,3,3,4,4,4,3,2,3
739,739,Tak,2,4,3,2,3,4,2,4,5,4,4,4,4,4,5,3,3,4,5,2,3
740,740,Tak,3,4,4,4,4,5,5,5,5,3,5,4,4,4,5,4,5,5,5,2,5
741,741,Tak,2,3,5,4,3,4,4,4,3,3,3,4,4,4,5,5,5,4,3,2,4
742,742,Tak,2,2,4,3,3,4,4,4,2,3,3,3,3,4,4,3,4,4,4,2,3
743,743,Nie ma to dla mnie znaczenia,4,4,5,5,3,5,5,2,5,2,5,5,4,4,5,4,5,5,4,2,4
744,744,Tak,3,1,4,4,1,3,5,5,4,5,5,3,1,1,3,5,4,5,4,2,4
745,745,Tak,4,4,4,4,3,4,4,5,4,4,3,5,4,3,5,3,5,4,4,2,5
746,746,Tak,1,2,3,3,1,2,3,3,3,1,3,3,2,2,3,3,3,3,3,2,1
747,747,Nie ma to dla mnie znaczenia,2,2,3,3,2,2,3,2,3,2,2,3,3,2,4,3,4,3,2,2,3
748,748,Nie ma to dla mnie znaczenia,2,2,4,2,2,5,5,5,4,3,2,4,4,4,5,4,5,2,4,2,3
749,749,Nie,1,2,2,1,1,1,1,1,2,1,1,2,2,1,2,1,1,1,2,2,2
750,750,Nie ma to dla mnie znaczenia,4,1,5,5,5,4,5,4,5,3,5,5,4,4,5,4,4,4,5,2,5
751,751,Nie,2,2,4,5,1,5,5,3,1,4,3,4,4,5,5,4,3,2,3,2,2
752,752,Tak,4,1,5,4,3,5,5,5,5,5,5,4,5,4,5,4,5,4,4,2,4
753,753,Tak,2,3,2,2,4,5,5,5,1,2,4,4,4,3,4,2,2,5,3,1,1
754,754,Nie,1,2,4,3,1,3,4,1,1,4,2,2,4,3,4,2,3,1,2,2,1
755,755,Nie,1,2,4,3,5,5,5,5,5,1,3,4,5,4,5,5,5,2,5,1,1
756,756,Nie ma to dla mnie znaczenia,4,2,4,3,3,5,5,4,3,5,4,4,5,3,4,4,4,3,5,2,3
757,757,Tak,4,2,4,3,1,4,4,2,4,3,3,4,3,4,5,3,5,3,3,1,3
758,758,Tak,4,3,5,3,3,4,4,4,3,5,4,4,3,3,5,4,3,5,3,2,3
759,759,Nie ma to dla mnie znaczenia,3,2,2,2,2,1,1,3,3,3,3,3,3,3,3,2,3,1,3,2,1
760,760,Tak,4,2,4,3,3,3,3,3,4,3,4,3,3,3,3,4,4,4,4,2,4
761,761,Nie,1,2,4,3,1,3,4,1,1,4,2,2,4,3,4,2,3,1,2,2,1
762,762,Nie ma to dla mnie znaczenia,5,2,4,4,1,4,4,4,4,2,4,4,4,3,5,4,4,4,4,2,4
763,763,Tak,3,3,5,5,4,4,4,2,5,5,5,4,5,5,5,5,4,4,4,1,5
764,764,Tak,4,3,5,5,2,4,5,4,5,4,4,5,4,4,5,5,5,5,4,2,5
765,765,Tak,4,3,5,5,2,4,5,4,5,4,4,5,4,4,5,5,5,5,4,2,5
766,766,Tak,2,2,3,4,2,4,3,3,4,3,4,4,2,1,2,3,4,4,4,2,4
767,767,Tak,5,2,5,4,1,4,5,5,2,3,5,5,3,3,5,4,5,4,4,2,3
768,768,Tak,3,2,4,5,2,5,5,5,4,3,5,5,5,5,4,5,5,4,5,2,5
769,769,Tak,5,2,5,4,1,4,5,5,2,3,5,5,3,3,5,4,5,4,4,2,3
770,770,Nie,5,2,5,5,3,4,2,4,4,4,5,3,3,3,5,5,4,4,3,2,2
771,771,Tak,3,2,5,4,3,5,5,5,3,2,5,5,4,4,5,4,4,3,4,2,4
772,772,Nie,3,4,5,5,3,4,4,4,4,5,5,5,4,3,5,4,5,5,4,2,4
773,773,Nie,4,1,3,1,2,5,5,1,2,3,3,2,3,3,2,2,3,1,4,2,2
774,774,Nie ma to dla mnie znaczenia,1,2,3,3,1,2,2,3,1,1,3,3,4,3,3,3,2,2,3,2,3
775,775,Nie,4,1,5,5,2,2,2,1,3,4,5,5,5,5,4,5,5,5,5,2,5
776,776,Nie ma to dla mnie znaczenia,4,2,2,4,4,5,5,2,2,3,4,2,2,2,3,3,3,2,2,2,2
777,777,Tak,3,3,4,4,2,4,4,5,4,4,5,4,4,4,5,4,5,4,4,2,3
778,778,Nie ma to dla mnie znaczenia,4,2,3,1,3,4,4,4,3,4,3,4,4,4,3,3,3,3,4,1,1
779,779,Nie,3,2,5,4,1,5,5,5,2,2,2,4,4,3,4,4,5,4,5,2,4
780,780,Tak,5,1,5,4,5,5,4,5,5,4,5,4,4,2,5,5,5,5,5,2,3
781,781,Tak,3,3,3,3,3,3,3,4,4,4,2,4,4,2,5,3,3,4,3,2,4
782,782,Tak,3,3,4,3,3,5,4,3,4,3,4,4,4,4,3,3,2,5,4,2,4
783,783,Nie ma to dla mnie znaczenia,3,2,4,4,4,3,3,3,4,3,4,4,3,3,4,4,4,5,3,2,3
784,784,Tak,3,2,4,4,4,3,5,5,4,3,4,4,4,2,3,4,5,4,5,1,4
785,785,Nie ma to dla mnie znaczenia,4,2,5,5,5,5,5,5,5,5,5,5,5,5,5,5,5,5,5,2,5
786,786,Nie,2,2,3,2,1,3,4,3,1,3,1,3,1,1,4,4,3,4,4,2,3
787,787,Tak,3,2,5,3,2,4,5,4,4,4,5,4,4,4,2,4,5,3,3,2,2
788,788,Tak,3,3,4,4,4,4,4,4,4,2,4,4,3,3,4,4,4,4,4,2,3
789,789,Nie ma to dla mnie znaczenia,3,2,2,3,3,2,3,3,1,3,3,3,4,4,5,3,2,4,4,2,4
790,790,Nie,5,2,4,5,5,5,5,5,5,5,5,3,5,5,5,3,4,3,3,2,2
791,791,Nie,2,2,3,3,2,3,3,3,4,3,3,4,3,3,4,4,4,4,4,2,3
792,792,Tak,4,3,4,4,4,4,4,4,4,4,4,4,4,4,5,4,5,4,4,2,4
793,793,Tak,1,2,5,4,4,3,1,4,4,4,5,4,4,4,1,4,5,4,4,2,4
794,794,Nie,2,2,3,3,4,5,5,5,4,2,3,4,4,4,2,3,4,3,4,1,4
795,795,Tak,3,2,4,2,2,2,2,4,3,4,5,5,5,5,5,3,4,2,5,2,5
796,796,Nie,1,2,3,1,1,5,3,3,3,2,3,1,1,1,1,2,3,1,5,2,2
797,797,Nie ma to dla mnie znaczenia,4,2,5,4,5,5,5,5,4,4,5,5,5,4,5,4,5,4,5,2,5
798,798,Tak,1,2,4,3,3,3,3,3,5,1,4,4,3,4,2,4,4,3,4,2,3
799,799,Tak,4,2,4,5,3,5,5,5,4,3,4,4,4,3,4,5,5,4,5,2,4
800,800,Tak,3,2,4,4,4,5,5,4,5,4,4,4,4,4,5,2,5,4,4,2,4
801,801,Tak,4,5,4,4,2,2,4,3,4,4,5,4,4,4,2,4,3,4,4,2,4
802,802,Tak,4,2,4,3,4,5,5,5,5,4,4,5,1,1,5,4,5,5,3,2,3
803,803,Tak,4,2,4,4,4,5,5,5,5,5,5,5,4,4,5,5,5,4,4,2,5
804,804,Nie ma to dla mnie znaczenia,1,2,4,3,1,3,5,3,1,1,1,1,5,4,4,3,4,4,3,2,2
805,805,Nie ma to dla mnie znaczenia,3,2,3,3,3,3,3,3,3,3,3,3,3,3,3,3,3,3,3,2,3
806,806,Nie,4,2,4,4,2,5,4,4,4,3,4,4,3,2,5,4,5,4,4,2,4
807,807,Nie ma to dla mnie znaczenia,4,1,3,4,2,2,3,2,4,4,5,4,5,4,4,4,4,5,4,1,4
808,808,Tak,4,3,4,4,5,4,4,4,5,4,3,5,5,5,5,5,5,5,4,2,2
809,809,Nie,1,2,4,3,2,2,3,4,1,2,5,5,3,3,5,4,3,4,2,2,4
810,810,Nie,1,2,4,3,3,4,4,4,4,1,3,3,4,4,4,4,4,4,4,2,4
811,811,Nie,2,3,3,2,3,2,3,5,3,4,2,3,3,3,5,3,3,2,4,1,1
812,812,Nie ma to dla mnie znaczenia,4,2,4,3,3,3,4,2,4,4,4,4,1,2,5,4,5,3,3,2,4
813,813,Tak,2,2,5,4,3,5,5,4,4,3,4,4,4,4,3,5,5,4,5,2,4
814,814,Nie ma to dla mnie znaczenia,3,2,3,3,3,4,3,2,2,3,3,4,2,2,3,2,4,2,3,2,2
815,815,Tak,4,2,4,4,3,4,4,4,5,3,4,4,3,3,3,4,4,4,4,2,4
816,816,Tak,5,2,5,5,5,5,5,5,5,5,5,5,3,3,5,5,5,5,4,2,3
817,817,Nie ma to dla mnie znaczenia,3,2,5,5,4,4,4,2,3,3,3,4,4,3,5,4,5,4,3,2,3
818,818,Nie,2,3,3,2,2,2,2,2,1,2,1,3,2,2,3,2,3,2,2,2,2
819,819,Tak,4,4,5,4,4,4,4,3,4,4,5,4,4,4,3,4,4,4,4,2,4
820,820,Tak,2,3,4,4,2,5,5,5,4,4,4,4,2,3,5,4,4,4,4,2,4
821,821,Tak,2,2,4,4,4,5,5,5,4,3,4,5,5,3,4,5,5,4,5,1,5
822,822,Nie,1,2,3,2,3,3,2,4,1,5,1,2,3,3,3,3,3,2,4,2,3
823,823,Nie,2,2,2,2,1,3,4,2,1,1,1,1,3,4,4,2,3,1,2,2,2
824,824,Tak,3,2,4,4,3,5,3,5,5,4,5,4,5,4,3,5,4,5,4,1,4
825,825,Tak,1,1,1,1,1,1,1,1,1,1,1,1,1,1,1,1,1,1,1,1,1
826,826,Tak,3,2,5,5,5,5,5,5,4,3,5,5,4,4,4,5,5,4,5,1,5
827,827,Tak,4,2,5,4,3,2,3,3,5,5,4,5,5,5,5,4,5,4,5,1,5
828,828,Nie ma to dla mnie znaczenia,3,2,3,2,3,5,5,5,2,3,2,3,4,3,3,3,3,3,5,1,3
829,829,Nie ma to dla mnie znaczenia,3,3,3,4,2,2,4,4,2,4,4,4,4,5,4,4,2,4,4,2,5
830,830,Nie,4,2,3,2,3,2,2,4,1,4,1,2,3,3,3,3,3,4,3,1,3
831,831,Tak,3,2,4,4,4,5,5,4,4,2,3,3,4,4,4,4,4,4,4,2,3
832,832,Nie ma to dla mnie znaczenia,1,2,4,3,4,4,4,4,3,1,3,4,4,4,5,4,4,4,4,2,4
833,833,Tak,2,2,4,2,2,5,5,4,4,4,2,4,3,3,5,3,4,4,3,2,3
834,834,Nie,1,4,3,3,2,3,4,3,2,2,3,4,4,4,5,4,4,4,4,2,3
835,835,Tak,3,2,4,3,3,2,3,2,3,5,4,3,2,4,5,3,4,3,3,2,3
836,836,Nie ma to dla mnie znaczenia,5,2,4,4,5,5,5,5,5,5,4,4,5,1,4,5,5,4,4,1,4
837,837,Tak,3,3,5,4,4,3,4,5,4,2,4,4,5,4,5,4,5,4,5,1,4
838,838,Tak,5,2,5,2,5,5,5,5,5,4,5,5,5,4,3,5,5,5,5,2,5
839,839,Tak,3,3,5,4,4,3,3,3,5,3,4,5,4,4,4,4,4,4,4,1,5
840,840,Nie,4,3,3,3,3,3,4,5,4,4,3,3,4,2,5,3,4,4,4,2,3
841,841,Nie,4,2,4,4,4,5,5,5,5,3,5,4,5,4,4,5,5,5,4,1,4
842,842,Nie ma to dla mnie znaczenia,3,2,5,3,3,4,4,4,3,4,3,3,5,2,4,3,5,4,4,2,4
843,843,Nie ma to dla mnie znaczenia,5,4,5,1,2,1,1,1,3,1,4,4,4,5,2,3,5,1,1,1,5
844,844,Tak,4,2,5,5,4,4,4,5,5,5,5,5,5,5,5,5,5,5,4,2,5
845,845,Tak,3,2,5,3,4,5,5,4,5,4,5,5,5,4,5,5,5,5,4,2,5
846,846,Tak,3,2,5,3,4,5,5,4,5,4,5,5,5,4,5,5,5,5,4,2,5
847,847,Nie ma to dla mnie znaczenia,2,3,4,4,3,5,5,5,3,3,4,4,4,4,2,4,4,3,4,2,3
848,848,Nie ma to dla mnie znaczenia,2,3,4,4,3,5,5,5,3,3,4,4,4,4,2,4,4,3,4,2,3
849,849,Tak,4,2,5,5,3,5,5,5,5,4,5,5,3,3,5,5,5,5,5,1,5
850,850,Nie ma to dla mnie znaczenia,1,3,4,4,3,4,5,1,5,2,4,4,5,1,3,4,5,5,4,2,5
851,851,Tak,3,4,3,3,4,5,5,1,5,3,3,4,3,3,2,4,4,4,4,2,3
852,852,Nie,1,2,4,3,5,5,5,1,4,1,2,3,4,2,3,4,4,4,5,2,4
853,853,Tak,3,2,5,3,3,5,5,3,5,5,4,5,2,3,5,4,4,4,4,2,4
854,854,Nie ma to dla mnie znaczenia,4,1,5,4,2,3,3,3,4,2,3,4,3,3,5,3,4,3,3,2,4
855,855,Tak,3,2,5,3,4,5,5,4,5,4,5,5,5,4,5,5,5,5,4,2,5
856,856,Nie ma to dla mnie znaczenia,2,3,3,3,3,5,5,4,3,2,3,4,3,3,5,3,4,2,3,2,4
857,857,Nie,4,3,4,4,2,4,3,3,3,2,3,3,3,3,4,3,3,2,3,2,3
858,858,Nie ma to dla mnie znaczenia,1,3,4,4,5,3,3,5,5,2,4,4,3,2,5,5,5,5,4,2,3
859,859,Nie ma to dla mnie znaczenia,1,3,4,4,5,3,3,5,5,2,4,4,3,2,5,5,5,5,4,2,3
860,860,Tak,2,1,3,4,2,3,4,4,4,3,3,4,2,3,5,4,4,4,3,2,3
